Image Name,Class Label
അ/100.png,0
അ/101.png,0
അ/102.png,0
അ/103.png,0
അ/104.png,0
അ/105.png,0
അ/106.png,0
അ/107.png,0
അ/108.png,0
അ/109.png,0
അ/11.png,0
അ/110.png,0
അ/111.png,0
അ/112.png,0
അ/113.png,0
അ/114.png,0
അ/115.png,0
അ/116.png,0
അ/117.png,0
അ/118.png,0
അ/119.png,0
അ/120.png,0
അ/124.png,0
അ/125.png,0
അ/126.png,0
അ/127.png,0
അ/128.png,0
അ/129.png,0
അ/13.png,0
അ/131.png,0
അ/132.png,0
അ/133.png,0
അ/134.png,0
അ/135.png,0
അ/136.png,0
അ/137.png,0
അ/138.png,0
അ/139.png,0
അ/14.png,0
അ/140.png,0
അ/141.png,0
അ/142.png,0
അ/143.png,0
അ/144.png,0
അ/145.png,0
അ/146.png,0
അ/147.png,0
അ/148.png,0
അ/149.png,0
അ/15.png,0
അ/150.png,0
അ/151.png,0
അ/152.png,0
അ/153.png,0
അ/154.png,0
അ/155.png,0
അ/156.png,0
അ/158.png,0
അ/159.png,0
അ/16.png,0
അ/160.png,0
അ/161.png,0
അ/162.png,0
അ/163.png,0
അ/164.png,0
അ/165.png,0
അ/166.png,0
അ/167.png,0
അ/168.png,0
അ/169.png,0
അ/170.png,0
അ/172.png,0
അ/173.png,0
അ/174.png,0
അ/175.png,0
അ/176.png,0
അ/177.png,0
അ/178.png,0
അ/179.png,0
അ/18.png,0
അ/180.png,0
അ/181.png,0
അ/185.png,0
അ/186.png,0
അ/187.png,0
അ/188.png,0
അ/19.png,0
അ/190.png,0
അ/191.png,0
അ/192.png,0
അ/193.png,0
അ/194.png,0
അ/195.png,0
അ/196.png,0
അ/197.png,0
അ/198.png,0
അ/199.png,0
അ/20.png,0
അ/200.png,0
അ/201.png,0
അ/202.png,0
അ/203.png,0
അ/204.png,0
അ/205.png,0
അ/206.png,0
അ/207.png,0
അ/208.png,0
അ/209.png,0
അ/21.png,0
അ/210.png,0
അ/211.png,0
അ/212.png,0
അ/213.png,0
അ/215.png,0
അ/217.png,0
അ/218.png,0
അ/22.png,0
അ/220.png,0
അ/221.png,0
അ/222.png,0
അ/223.png,0
അ/225.png,0
അ/227.png,0
അ/23.png,0
അ/230.png,0
അ/231.png,0
അ/232.png,0
അ/233.png,0
അ/235.png,0
അ/25.png,0
അ/26.png,0
അ/28.png,0
അ/29.png,0
അ/3.png,0
അ/30.png,0
അ/31.png,0
അ/32.png,0
അ/33.png,0
അ/34.png,0
അ/35.png,0
അ/36.png,0
അ/37.png,0
അ/38.png,0
അ/40.png,0
അ/42.png,0
അ/43.png,0
അ/44.png,0
അ/45.png,0
അ/46.png,0
അ/47.png,0
അ/48.png,0
അ/49.png,0
അ/5.png,0
അ/51.png,0
അ/52.png,0
അ/53.png,0
അ/54.png,0
അ/55.png,0
അ/56.png,0
അ/57.png,0
അ/58.png,0
അ/59.png,0
അ/60.png,0
അ/61.png,0
അ/63.png,0
അ/64.png,0
അ/65.png,0
അ/66.png,0
അ/67.png,0
അ/68.png,0
അ/69.png,0
അ/7.png,0
അ/70.png,0
അ/71.png,0
അ/72.png,0
അ/73.png,0
അ/74.png,0
അ/75.png,0
അ/76.png,0
അ/77.png,0
അ/78.png,0
അ/79.png,0
അ/80.png,0
അ/81.png,0
അ/82.png,0
അ/83.png,0
അ/85.png,0
അ/86.png,0
അ/87.png,0
അ/88.png,0
അ/89.png,0
അ/90.png,0
അ/91.png,0
അ/92.png,0
അ/93.png,0
അ/95.png,0
അ/98.png,0
അ/99.png,0
ആ/10.png,1
ആ/100.png,1
ആ/101.png,1
ആ/102.png,1
ആ/103.png,1
ആ/104.png,1
ആ/105.png,1
ആ/106.png,1
ആ/107.png,1
ആ/108.png,1
ആ/109.png,1
ആ/11.png,1
ആ/110.png,1
ആ/111.png,1
ആ/112.png,1
ആ/113.png,1
ആ/115.png,1
ആ/116.png,1
ആ/117.png,1
ആ/118.png,1
ആ/119.png,1
ആ/12.png,1
ആ/120.png,1
ആ/121.png,1
ആ/122.png,1
ആ/123.png,1
ആ/124.png,1
ആ/125.png,1
ആ/126.png,1
ആ/127.png,1
ആ/128.png,1
ആ/129.png,1
ആ/13.png,1
ആ/131.png,1
ആ/132.png,1
ആ/133.png,1
ആ/134.png,1
ആ/135.png,1
ആ/136.png,1
ആ/137.png,1
ആ/138.png,1
ആ/139.png,1
ആ/14.png,1
ആ/140.png,1
ആ/141.png,1
ആ/142.png,1
ആ/143.png,1
ആ/144.png,1
ആ/145.png,1
ആ/146.png,1
ആ/147.png,1
ആ/148.png,1
ആ/149.png,1
ആ/15.png,1
ആ/150.png,1
ആ/151.png,1
ആ/152.png,1
ആ/153.png,1
ആ/154.png,1
ആ/155.png,1
ആ/156.png,1
ആ/157.png,1
ആ/158.png,1
ആ/159.png,1
ആ/16.png,1
ആ/160.png,1
ആ/161.png,1
ആ/162.png,1
ആ/163.png,1
ആ/164.png,1
ആ/165.png,1
ആ/166.png,1
ആ/167.png,1
ആ/168.png,1
ആ/169.png,1
ആ/17.png,1
ആ/170.png,1
ആ/171.png,1
ആ/172.png,1
ആ/173.png,1
ആ/174.png,1
ആ/175.png,1
ആ/176.png,1
ആ/177.png,1
ആ/178.png,1
ആ/179.png,1
ആ/18.png,1
ആ/180.png,1
ആ/181.png,1
ആ/182.png,1
ആ/183.png,1
ആ/184.png,1
ആ/185.png,1
ആ/186.png,1
ആ/187.png,1
ആ/188.png,1
ആ/189.png,1
ആ/19.png,1
ആ/190.png,1
ആ/191.png,1
ആ/192.png,1
ആ/193.png,1
ആ/195.png,1
ആ/196.png,1
ആ/197.png,1
ആ/198.png,1
ആ/199.png,1
ആ/20.png,1
ആ/200.png,1
ആ/202.png,1
ആ/203.png,1
ആ/204.png,1
ആ/205.png,1
ആ/209.png,1
ആ/21.png,1
ആ/210.png,1
ആ/211.png,1
ആ/22.png,1
ആ/23.png,1
ആ/24.png,1
ആ/26.png,1
ആ/27.png,1
ആ/28.png,1
ആ/29.png,1
ആ/3.png,1
ആ/30.png,1
ആ/31.png,1
ആ/32.png,1
ആ/33.png,1
ആ/34.png,1
ആ/35.png,1
ആ/36.png,1
ആ/37.png,1
ആ/38.png,1
ആ/39.png,1
ആ/4.png,1
ആ/40.png,1
ആ/41.png,1
ആ/42.png,1
ആ/43.png,1
ആ/44.png,1
ആ/45.png,1
ആ/46.png,1
ആ/47.png,1
ആ/48.png,1
ആ/49.png,1
ആ/5.png,1
ആ/51.png,1
ആ/53.png,1
ആ/54.png,1
ആ/55.png,1
ആ/56.png,1
ആ/57.png,1
ആ/58.png,1
ആ/59.png,1
ആ/60.png,1
ആ/61.png,1
ആ/63.png,1
ആ/64.png,1
ആ/65.png,1
ആ/66.png,1
ആ/67.png,1
ആ/68.png,1
ആ/69.png,1
ആ/7.png,1
ആ/70.png,1
ആ/71.png,1
ആ/72.png,1
ആ/73.png,1
ആ/74.png,1
ആ/75.png,1
ആ/76.png,1
ആ/77.png,1
ആ/78.png,1
ആ/79.png,1
ആ/8.png,1
ആ/80.png,1
ആ/81.png,1
ആ/83.png,1
ആ/84.png,1
ആ/85.png,1
ആ/86.png,1
ആ/87.png,1
ആ/88.png,1
ആ/89.png,1
ആ/9.png,1
ആ/90.png,1
ആ/91.png,1
ആ/92.png,1
ആ/93.png,1
ആ/94.png,1
ആ/95.png,1
ആ/96.png,1
ആ/97.png,1
ആ/98.png,1
ആ/99.png,1
ഇ/10.png,2
ഇ/100.png,2
ഇ/101.png,2
ഇ/102.png,2
ഇ/103.png,2
ഇ/104.png,2
ഇ/105.png,2
ഇ/106.png,2
ഇ/107.png,2
ഇ/108.png,2
ഇ/109.png,2
ഇ/11.png,2
ഇ/110.png,2
ഇ/111.png,2
ഇ/112.png,2
ഇ/113.png,2
ഇ/114.png,2
ഇ/115.png,2
ഇ/116.png,2
ഇ/117.png,2
ഇ/118.png,2
ഇ/119.png,2
ഇ/12.png,2
ഇ/120.png,2
ഇ/121.png,2
ഇ/122.png,2
ഇ/123.png,2
ഇ/124.png,2
ഇ/125.png,2
ഇ/126.png,2
ഇ/127.png,2
ഇ/128.png,2
ഇ/13.png,2
ഇ/130.png,2
ഇ/131.png,2
ഇ/132.png,2
ഇ/133.png,2
ഇ/134.png,2
ഇ/135.png,2
ഇ/136.png,2
ഇ/137.png,2
ഇ/138.png,2
ഇ/139.png,2
ഇ/14.png,2
ഇ/140.png,2
ഇ/141.png,2
ഇ/142.png,2
ഇ/143.png,2
ഇ/144.png,2
ഇ/145.png,2
ഇ/146.png,2
ഇ/147.png,2
ഇ/148.png,2
ഇ/149.png,2
ഇ/15.png,2
ഇ/150.png,2
ഇ/151.png,2
ഇ/152.png,2
ഇ/153.png,2
ഇ/154.png,2
ഇ/155.png,2
ഇ/156.png,2
ഇ/157.png,2
ഇ/158.png,2
ഇ/159.png,2
ഇ/16.png,2
ഇ/160.png,2
ഇ/161.png,2
ഇ/162.png,2
ഇ/163.png,2
ഇ/164.png,2
ഇ/166.png,2
ഇ/167.png,2
ഇ/168.png,2
ഇ/169.png,2
ഇ/17.png,2
ഇ/170.png,2
ഇ/171.png,2
ഇ/172.png,2
ഇ/173.png,2
ഇ/174.png,2
ഇ/175.png,2
ഇ/176.png,2
ഇ/177.png,2
ഇ/178.png,2
ഇ/179.png,2
ഇ/18.png,2
ഇ/180.png,2
ഇ/181.png,2
ഇ/182.png,2
ഇ/183.png,2
ഇ/184.png,2
ഇ/185.png,2
ഇ/187.png,2
ഇ/188.png,2
ഇ/189.png,2
ഇ/19.png,2
ഇ/190.png,2
ഇ/191.png,2
ഇ/192.png,2
ഇ/193.png,2
ഇ/195.png,2
ഇ/196.png,2
ഇ/197.png,2
ഇ/198.png,2
ഇ/20.png,2
ഇ/200.png,2
ഇ/201.png,2
ഇ/202.png,2
ഇ/203.png,2
ഇ/204.png,2
ഇ/21.png,2
ഇ/22.png,2
ഇ/226.png,2
ഇ/23.png,2
ഇ/24.png,2
ഇ/25.png,2
ഇ/26.png,2
ഇ/27.png,2
ഇ/28.png,2
ഇ/29.png,2
ഇ/3.png,2
ഇ/30.png,2
ഇ/31.png,2
ഇ/32.png,2
ഇ/33.png,2
ഇ/34.png,2
ഇ/35.png,2
ഇ/36.png,2
ഇ/37.png,2
ഇ/38.png,2
ഇ/39.png,2
ഇ/4.png,2
ഇ/40.png,2
ഇ/41.png,2
ഇ/42.png,2
ഇ/43.png,2
ഇ/44.png,2
ഇ/45.png,2
ഇ/46.png,2
ഇ/47.png,2
ഇ/48.png,2
ഇ/49.png,2
ഇ/5.png,2
ഇ/50.png,2
ഇ/51.png,2
ഇ/52.png,2
ഇ/53.png,2
ഇ/54.png,2
ഇ/55.png,2
ഇ/56.png,2
ഇ/57.png,2
ഇ/58.png,2
ഇ/59.png,2
ഇ/6.png,2
ഇ/60.png,2
ഇ/61.png,2
ഇ/62.png,2
ഇ/63.png,2
ഇ/64.png,2
ഇ/65.png,2
ഇ/66.png,2
ഇ/67.png,2
ഇ/68.png,2
ഇ/69.png,2
ഇ/7.png,2
ഇ/70.png,2
ഇ/71.png,2
ഇ/72.png,2
ഇ/73.png,2
ഇ/74.png,2
ഇ/75.png,2
ഇ/76.png,2
ഇ/77.png,2
ഇ/78.png,2
ഇ/79.png,2
ഇ/8.png,2
ഇ/80.png,2
ഇ/81.png,2
ഇ/82.png,2
ഇ/83.png,2
ഇ/84.png,2
ഇ/85.png,2
ഇ/86.png,2
ഇ/87.png,2
ഇ/88.png,2
ഇ/89.png,2
ഇ/9.png,2
ഇ/90.png,2
ഇ/91.png,2
ഇ/92.png,2
ഇ/93.png,2
ഇ/94.png,2
ഇ/95.png,2
ഇ/96.png,2
ഇ/97.png,2
ഇ/98.png,2
ഇ/99.png,2
ഉ/10.png,3
ഉ/100.png,3
ഉ/101.png,3
ഉ/102.png,3
ഉ/104.png,3
ഉ/105.png,3
ഉ/106.png,3
ഉ/107.png,3
ഉ/108.png,3
ഉ/109.png,3
ഉ/11.png,3
ഉ/110.png,3
ഉ/111.png,3
ഉ/112.png,3
ഉ/113.png,3
ഉ/114.png,3
ഉ/115.png,3
ഉ/116.png,3
ഉ/117.png,3
ഉ/118.png,3
ഉ/119.png,3
ഉ/12.png,3
ഉ/120.png,3
ഉ/121.png,3
ഉ/122.png,3
ഉ/123.png,3
ഉ/125.png,3
ഉ/126.png,3
ഉ/127.png,3
ഉ/128.png,3
ഉ/129.png,3
ഉ/13.png,3
ഉ/130.png,3
ഉ/131.png,3
ഉ/132.png,3
ഉ/133.png,3
ഉ/134.png,3
ഉ/135.png,3
ഉ/136.png,3
ഉ/137.png,3
ഉ/138.png,3
ഉ/139.png,3
ഉ/14.png,3
ഉ/140.png,3
ഉ/141.png,3
ഉ/142.png,3
ഉ/143.png,3
ഉ/144.png,3
ഉ/145.png,3
ഉ/146.png,3
ഉ/147.png,3
ഉ/148.png,3
ഉ/149.png,3
ഉ/15.png,3
ഉ/150.png,3
ഉ/151.png,3
ഉ/152.png,3
ഉ/153.png,3
ഉ/154.png,3
ഉ/155.png,3
ഉ/156.png,3
ഉ/158.png,3
ഉ/159.png,3
ഉ/16.png,3
ഉ/160.png,3
ഉ/161.png,3
ഉ/162.png,3
ഉ/163.png,3
ഉ/164.png,3
ഉ/165.png,3
ഉ/166.png,3
ഉ/167.png,3
ഉ/168.png,3
ഉ/169.png,3
ഉ/17.png,3
ഉ/170.png,3
ഉ/171.png,3
ഉ/172.png,3
ഉ/173.png,3
ഉ/174.png,3
ഉ/175.png,3
ഉ/176.png,3
ഉ/177.png,3
ഉ/178.png,3
ഉ/179.png,3
ഉ/18.png,3
ഉ/180.png,3
ഉ/181.png,3
ഉ/182.png,3
ഉ/183.png,3
ഉ/184.png,3
ഉ/185.png,3
ഉ/186.png,3
ഉ/188.png,3
ഉ/189.png,3
ഉ/19.png,3
ഉ/190.png,3
ഉ/191.png,3
ഉ/192.png,3
ഉ/20.png,3
ഉ/21.png,3
ഉ/22.png,3
ഉ/23.png,3
ഉ/24.png,3
ഉ/25.png,3
ഉ/26.png,3
ഉ/27.png,3
ഉ/28.png,3
ഉ/29.png,3
ഉ/3.png,3
ഉ/30.png,3
ഉ/31.png,3
ഉ/32.png,3
ഉ/33.png,3
ഉ/34.png,3
ഉ/35.png,3
ഉ/36.png,3
ഉ/37.png,3
ഉ/38.png,3
ഉ/39.png,3
ഉ/4.png,3
ഉ/40.png,3
ഉ/41.png,3
ഉ/42.png,3
ഉ/44.png,3
ഉ/45.png,3
ഉ/46.png,3
ഉ/47.png,3
ഉ/48.png,3
ഉ/49.png,3
ഉ/5.png,3
ഉ/50.png,3
ഉ/51.png,3
ഉ/52.png,3
ഉ/53.png,3
ഉ/54.png,3
ഉ/55.png,3
ഉ/57.png,3
ഉ/58.png,3
ഉ/59.png,3
ഉ/6.png,3
ഉ/60.png,3
ഉ/61.png,3
ഉ/62.png,3
ഉ/63.png,3
ഉ/64.png,3
ഉ/65.png,3
ഉ/66.png,3
ഉ/67.png,3
ഉ/68.png,3
ഉ/69.png,3
ഉ/7.png,3
ഉ/70.png,3
ഉ/71.png,3
ഉ/72.png,3
ഉ/73.png,3
ഉ/74.png,3
ഉ/75.png,3
ഉ/76.png,3
ഉ/77.png,3
ഉ/78.png,3
ഉ/79.png,3
ഉ/80.png,3
ഉ/81.png,3
ഉ/82.png,3
ഉ/83.png,3
ഉ/84.png,3
ഉ/85.png,3
ഉ/86.png,3
ഉ/87.png,3
ഉ/88.png,3
ഉ/89.png,3
ഉ/9.png,3
ഉ/90.png,3
ഉ/91.png,3
ഉ/92.png,3
ഉ/93.png,3
ഉ/94.png,3
ഉ/95.png,3
ഉ/96.png,3
ഉ/98.png,3
ഉ/99.png,3
എ/1.png,4
എ/10.png,4
എ/100.png,4
എ/101.png,4
എ/102.png,4
എ/103.png,4
എ/104.png,4
എ/105.png,4
എ/106.png,4
എ/107.png,4
എ/108.png,4
എ/109.png,4
എ/11.png,4
എ/110.png,4
എ/111.png,4
എ/112.png,4
എ/113.png,4
എ/114.png,4
എ/115.png,4
എ/116.png,4
എ/117.png,4
എ/118.png,4
എ/119.png,4
എ/12.png,4
എ/120.png,4
എ/121.png,4
എ/122.png,4
എ/124.png,4
എ/125.png,4
എ/126.png,4
എ/127.png,4
എ/128.png,4
എ/13.png,4
എ/130.png,4
എ/131.png,4
എ/132.png,4
എ/133.png,4
എ/134.png,4
എ/135.png,4
എ/136.png,4
എ/137.png,4
എ/138.png,4
എ/139.png,4
എ/14.png,4
എ/140.png,4
എ/141.png,4
എ/142.png,4
എ/143.png,4
എ/144.png,4
എ/145.png,4
എ/146.png,4
എ/147.png,4
എ/149.png,4
എ/15.png,4
എ/150.png,4
എ/151.png,4
എ/152.png,4
എ/153.png,4
എ/154.png,4
എ/155.png,4
എ/156.png,4
എ/157.png,4
എ/158.png,4
എ/159.png,4
എ/160.png,4
എ/161.png,4
എ/162.png,4
എ/163.png,4
എ/164.png,4
എ/165.png,4
എ/166.png,4
എ/167.png,4
എ/168.png,4
എ/169.png,4
എ/17.png,4
എ/170.png,4
എ/172.png,4
എ/173.png,4
എ/174.png,4
എ/175.png,4
എ/176.png,4
എ/177.png,4
എ/178.png,4
എ/179.png,4
എ/18.png,4
എ/180.png,4
എ/181.png,4
എ/183.png,4
എ/184.png,4
എ/185.png,4
എ/186.png,4
എ/187.png,4
എ/188.png,4
എ/189.png,4
എ/19.png,4
എ/2.png,4
എ/20.png,4
എ/22.png,4
എ/23.png,4
എ/24.png,4
എ/25.png,4
എ/26.png,4
എ/27.png,4
എ/28.png,4
എ/29.png,4
എ/3.png,4
എ/30.png,4
എ/31.png,4
എ/32.png,4
എ/33.png,4
എ/34.png,4
എ/35.png,4
എ/36.png,4
എ/37.png,4
എ/38.png,4
എ/39.png,4
എ/4.png,4
എ/40.png,4
എ/41.png,4
എ/42.png,4
എ/44.png,4
എ/45.png,4
എ/46.png,4
എ/47.png,4
എ/48.png,4
എ/49.png,4
എ/5.png,4
എ/50.png,4
എ/51.png,4
എ/52.png,4
എ/53.png,4
എ/54.png,4
എ/55.png,4
എ/56.png,4
എ/57.png,4
എ/58.png,4
എ/59.png,4
എ/6.png,4
എ/60.png,4
എ/61.png,4
എ/62.png,4
എ/63.png,4
എ/64.png,4
എ/65.png,4
എ/66.png,4
എ/67.png,4
എ/68.png,4
എ/69.png,4
എ/7.png,4
എ/70.png,4
എ/71.png,4
എ/72.png,4
എ/73.png,4
എ/74.png,4
എ/75.png,4
എ/76.png,4
എ/77.png,4
എ/78.png,4
എ/79.png,4
എ/8.png,4
എ/80.png,4
എ/81.png,4
എ/83.png,4
എ/84.png,4
എ/85.png,4
എ/86.png,4
എ/87.png,4
എ/88.png,4
എ/89.png,4
എ/9.png,4
എ/90.png,4
എ/91.png,4
എ/92.png,4
എ/93.png,4
എ/94.png,4
എ/95.png,4
എ/96.png,4
എ/97.png,4
എ/98.png,4
ഏ/1.png,5
ഏ/10.png,5
ഏ/100.png,5
ഏ/101.png,5
ഏ/102.png,5
ഏ/103.png,5
ഏ/104.png,5
ഏ/105.png,5
ഏ/106.png,5
ഏ/107.png,5
ഏ/108.png,5
ഏ/109.png,5
ഏ/11.png,5
ഏ/110.png,5
ഏ/111.png,5
ഏ/112.png,5
ഏ/113.png,5
ഏ/114.png,5
ഏ/115.png,5
ഏ/116.png,5
ഏ/117.png,5
ഏ/118.png,5
ഏ/119.png,5
ഏ/12.png,5
ഏ/120.png,5
ഏ/121.png,5
ഏ/122.png,5
ഏ/123.png,5
ഏ/124.png,5
ഏ/125.png,5
ഏ/126.png,5
ഏ/127.png,5
ഏ/128.png,5
ഏ/129.png,5
ഏ/13.png,5
ഏ/130.png,5
ഏ/131.png,5
ഏ/132.png,5
ഏ/133.png,5
ഏ/134.png,5
ഏ/135.png,5
ഏ/136.png,5
ഏ/137.png,5
ഏ/138.png,5
ഏ/139.png,5
ഏ/14.png,5
ഏ/140.png,5
ഏ/141.png,5
ഏ/142.png,5
ഏ/143.png,5
ഏ/144.png,5
ഏ/145.png,5
ഏ/146.png,5
ഏ/147.png,5
ഏ/148.png,5
ഏ/149.png,5
ഏ/15.png,5
ഏ/150.png,5
ഏ/151.png,5
ഏ/152.png,5
ഏ/153.png,5
ഏ/154.png,5
ഏ/155.png,5
ഏ/156.png,5
ഏ/157.png,5
ഏ/158.png,5
ഏ/159.png,5
ഏ/16.png,5
ഏ/160.png,5
ഏ/161.png,5
ഏ/162.png,5
ഏ/163.png,5
ഏ/164.png,5
ഏ/165.png,5
ഏ/166.png,5
ഏ/167.png,5
ഏ/168.png,5
ഏ/169.png,5
ഏ/17.png,5
ഏ/170.png,5
ഏ/171.png,5
ഏ/172.png,5
ഏ/173.png,5
ഏ/174.png,5
ഏ/176.png,5
ഏ/177.png,5
ഏ/179.png,5
ഏ/18.png,5
ഏ/180.png,5
ഏ/181.png,5
ഏ/182.png,5
ഏ/183.png,5
ഏ/19.png,5
ഏ/20.png,5
ഏ/21.png,5
ഏ/22.png,5
ഏ/23.png,5
ഏ/24.png,5
ഏ/25.png,5
ഏ/26.png,5
ഏ/27.png,5
ഏ/28.png,5
ഏ/29.png,5
ഏ/3.png,5
ഏ/30.png,5
ഏ/31.png,5
ഏ/32.png,5
ഏ/33.png,5
ഏ/34.png,5
ഏ/35.png,5
ഏ/36.png,5
ഏ/37.png,5
ഏ/38.png,5
ഏ/39.png,5
ഏ/4.png,5
ഏ/40.png,5
ഏ/41.png,5
ഏ/42.png,5
ഏ/43.png,5
ഏ/45.png,5
ഏ/46.png,5
ഏ/47.png,5
ഏ/48.png,5
ഏ/49.png,5
ഏ/5.png,5
ഏ/50.png,5
ഏ/51.png,5
ഏ/52.png,5
ഏ/53.png,5
ഏ/54.png,5
ഏ/55.png,5
ഏ/56.png,5
ഏ/57.png,5
ഏ/58.png,5
ഏ/59.png,5
ഏ/6.png,5
ഏ/60.png,5
ഏ/61.png,5
ഏ/62.png,5
ഏ/63.png,5
ഏ/64.png,5
ഏ/65.png,5
ഏ/66.png,5
ഏ/67.png,5
ഏ/68.png,5
ഏ/69.png,5
ഏ/7.png,5
ഏ/70.png,5
ഏ/71.png,5
ഏ/73.png,5
ഏ/74.png,5
ഏ/76.png,5
ഏ/77.png,5
ഏ/78.png,5
ഏ/79.png,5
ഏ/8.png,5
ഏ/80.png,5
ഏ/81.png,5
ഏ/82.png,5
ഏ/83.png,5
ഏ/84.png,5
ഏ/85.png,5
ഏ/86.png,5
ഏ/87.png,5
ഏ/88.png,5
ഏ/89.png,5
ഏ/9.png,5
ഏ/90.png,5
ഏ/91.png,5
ഏ/92.png,5
ഏ/93.png,5
ഏ/94.png,5
ഏ/95.png,5
ഏ/96.png,5
ഏ/97.png,5
ഏ/98.png,5
ഏ/99.png,5
ഒ/1.png,6
ഒ/10.png,6
ഒ/101.png,6
ഒ/102.png,6
ഒ/103.png,6
ഒ/104.png,6
ഒ/106.png,6
ഒ/107.png,6
ഒ/108.png,6
ഒ/109.png,6
ഒ/11.png,6
ഒ/110.png,6
ഒ/112.png,6
ഒ/113.png,6
ഒ/114.png,6
ഒ/116.png,6
ഒ/117.png,6
ഒ/118.png,6
ഒ/119.png,6
ഒ/12.png,6
ഒ/120.png,6
ഒ/121.png,6
ഒ/123.png,6
ഒ/124.png,6
ഒ/125.png,6
ഒ/126.png,6
ഒ/127.png,6
ഒ/128.png,6
ഒ/129.png,6
ഒ/13.png,6
ഒ/130.png,6
ഒ/131.png,6
ഒ/132.png,6
ഒ/133.png,6
ഒ/134.png,6
ഒ/135.png,6
ഒ/137.png,6
ഒ/138.png,6
ഒ/140.png,6
ഒ/141.png,6
ഒ/142.png,6
ഒ/143.png,6
ഒ/144.png,6
ഒ/145.png,6
ഒ/146.png,6
ഒ/147.png,6
ഒ/148.png,6
ഒ/149.png,6
ഒ/15.png,6
ഒ/150.png,6
ഒ/151.png,6
ഒ/152.png,6
ഒ/154.png,6
ഒ/155.png,6
ഒ/156.png,6
ഒ/157.png,6
ഒ/16.png,6
ഒ/160.png,6
ഒ/161.png,6
ഒ/162.png,6
ഒ/163.png,6
ഒ/164.png,6
ഒ/166.png,6
ഒ/167.png,6
ഒ/168.png,6
ഒ/169.png,6
ഒ/17.png,6
ഒ/170.png,6
ഒ/171.png,6
ഒ/173.png,6
ഒ/174.png,6
ഒ/18.png,6
ഒ/21.png,6
ഒ/22.png,6
ഒ/23.png,6
ഒ/24.png,6
ഒ/25.png,6
ഒ/26.png,6
ഒ/28.png,6
ഒ/29.png,6
ഒ/3.png,6
ഒ/30.png,6
ഒ/32.png,6
ഒ/34.png,6
ഒ/35.png,6
ഒ/36.png,6
ഒ/37.png,6
ഒ/38.png,6
ഒ/39.png,6
ഒ/40.png,6
ഒ/41.png,6
ഒ/42.png,6
ഒ/44.png,6
ഒ/46.png,6
ഒ/47.png,6
ഒ/5.png,6
ഒ/53.png,6
ഒ/55.png,6
ഒ/58.png,6
ഒ/59.png,6
ഒ/6.png,6
ഒ/60.png,6
ഒ/61.png,6
ഒ/62.png,6
ഒ/63.png,6
ഒ/64.png,6
ഒ/65.png,6
ഒ/66.png,6
ഒ/67.png,6
ഒ/68.png,6
ഒ/69.png,6
ഒ/7.png,6
ഒ/70.png,6
ഒ/71.png,6
ഒ/72.png,6
ഒ/73.png,6
ഒ/74.png,6
ഒ/75.png,6
ഒ/76.png,6
ഒ/77.png,6
ഒ/78.png,6
ഒ/79.png,6
ഒ/80.png,6
ഒ/81.png,6
ഒ/82.png,6
ഒ/83.png,6
ഒ/84.png,6
ഒ/85.png,6
ഒ/88.png,6
ഒ/89.png,6
ഒ/90.png,6
ഒ/92.png,6
ഒ/93.png,6
ഒ/94.png,6
ഒ/95.png,6
ഒ/96.png,6
ഒ/97.png,6
ഒ/98.png,6
ഒ/99.png,6
ക/1.png,7
ക/100.png,7
ക/102.png,7
ക/103.png,7
ക/104.png,7
ക/105.png,7
ക/107.png,7
ക/108.png,7
ക/109.png,7
ക/110.png,7
ക/112.png,7
ക/114.png,7
ക/115.png,7
ക/116.png,7
ക/117.png,7
ക/118.png,7
ക/119.png,7
ക/120.png,7
ക/121.png,7
ക/122.png,7
ക/123.png,7
ക/124.png,7
ക/125.png,7
ക/126.png,7
ക/127.png,7
ക/128.png,7
ക/129.png,7
ക/130.png,7
ക/131.png,7
ക/134.png,7
ക/135.png,7
ക/138.png,7
ക/139.png,7
ക/141.png,7
ക/142.png,7
ക/143.png,7
ക/144.png,7
ക/145.png,7
ക/146.png,7
ക/147.png,7
ക/149.png,7
ക/15.png,7
ക/150.png,7
ക/153.png,7
ക/156.png,7
ക/157.png,7
ക/158.png,7
ക/159.png,7
ക/16.png,7
ക/160.png,7
ക/163.png,7
ക/165.png,7
ക/166.png,7
ക/167.png,7
ക/171.png,7
ക/172.png,7
ക/18.png,7
ക/19.png,7
ക/20.png,7
ക/21.png,7
ക/22.png,7
ക/23.png,7
ക/24.png,7
ക/25.png,7
ക/27.png,7
ക/31.png,7
ക/33.png,7
ക/34.png,7
ക/35.png,7
ക/36.png,7
ക/38.png,7
ക/39.png,7
ക/41.png,7
ക/42.png,7
ക/44.png,7
ക/45.png,7
ക/47.png,7
ക/49.png,7
ക/5.png,7
ക/51.png,7
ക/52.png,7
ക/53.png,7
ക/54.png,7
ക/55.png,7
ക/56.png,7
ക/57.png,7
ക/58.png,7
ക/59.png,7
ക/6.png,7
ക/61.png,7
ക/62.png,7
ക/63.png,7
ക/64.png,7
ക/65.png,7
ക/66.png,7
ക/67.png,7
ക/68.png,7
ക/69.png,7
ക/7.png,7
ക/70.png,7
ക/71.png,7
ക/73.png,7
ക/74.png,7
ക/75.png,7
ക/76.png,7
ക/77.png,7
ക/78.png,7
ക/79.png,7
ക/8.png,7
ക/80.png,7
ക/81.png,7
ക/82.png,7
ക/83.png,7
ക/84.png,7
ക/85.png,7
ക/86.png,7
ക/87.png,7
ക/88.png,7
ക/89.png,7
ക/9.png,7
ക/90.png,7
ക/91.png,7
ക/92.png,7
ക/93.png,7
ക/94.png,7
ക/95.png,7
ക/96.png,7
ക/97.png,7
ക/98.png,7
ക/99.png,7
ഖ/10.png,8
ഖ/100.png,8
ഖ/101.png,8
ഖ/102.png,8
ഖ/103.png,8
ഖ/104.png,8
ഖ/105.png,8
ഖ/106.png,8
ഖ/107.png,8
ഖ/108.png,8
ഖ/109.png,8
ഖ/110.png,8
ഖ/111.png,8
ഖ/112.png,8
ഖ/113.png,8
ഖ/114.png,8
ഖ/115.png,8
ഖ/116.png,8
ഖ/118.png,8
ഖ/12.png,8
ഖ/121.png,8
ഖ/122.png,8
ഖ/123.png,8
ഖ/124.png,8
ഖ/125.png,8
ഖ/126.png,8
ഖ/127.png,8
ഖ/128.png,8
ഖ/129.png,8
ഖ/13.png,8
ഖ/130.png,8
ഖ/131.png,8
ഖ/132.png,8
ഖ/135.png,8
ഖ/136.png,8
ഖ/137.png,8
ഖ/139.png,8
ഖ/14.png,8
ഖ/140.png,8
ഖ/141.png,8
ഖ/142.png,8
ഖ/143.png,8
ഖ/144.png,8
ഖ/146.png,8
ഖ/147.png,8
ഖ/149.png,8
ഖ/150.png,8
ഖ/151.png,8
ഖ/153.png,8
ഖ/154.png,8
ഖ/16.png,8
ഖ/17.png,8
ഖ/18.png,8
ഖ/19.png,8
ഖ/20.png,8
ഖ/22.png,8
ഖ/23.png,8
ഖ/24.png,8
ഖ/25.png,8
ഖ/26.png,8
ഖ/27.png,8
ഖ/28.png,8
ഖ/29.png,8
ഖ/30.png,8
ഖ/32.png,8
ഖ/34.png,8
ഖ/35.png,8
ഖ/37.png,8
ഖ/38.png,8
ഖ/39.png,8
ഖ/4.png,8
ഖ/40.png,8
ഖ/41.png,8
ഖ/42.png,8
ഖ/43.png,8
ഖ/45.png,8
ഖ/46.png,8
ഖ/47.png,8
ഖ/48.png,8
ഖ/5.png,8
ഖ/51.png,8
ഖ/52.png,8
ഖ/54.png,8
ഖ/55.png,8
ഖ/56.png,8
ഖ/57.png,8
ഖ/58.png,8
ഖ/59.png,8
ഖ/6.png,8
ഖ/61.png,8
ഖ/62.png,8
ഖ/64.png,8
ഖ/65.png,8
ഖ/67.png,8
ഖ/68.png,8
ഖ/7.png,8
ഖ/70.png,8
ഖ/71.png,8
ഖ/73.png,8
ഖ/74.png,8
ഖ/75.png,8
ഖ/76.png,8
ഖ/77.png,8
ഖ/78.png,8
ഖ/79.png,8
ഖ/8.png,8
ഖ/80.png,8
ഖ/81.png,8
ഖ/82.png,8
ഖ/84.png,8
ഖ/85.png,8
ഖ/86.png,8
ഖ/87.png,8
ഖ/88.png,8
ഖ/89.png,8
ഖ/90.png,8
ഖ/91.png,8
ഖ/92.png,8
ഖ/93.png,8
ഖ/94.png,8
ഖ/95.png,8
ഖ/96.png,8
ഖ/98.png,8
ഖ/99.png,8
ഗ/1.png,9
ഗ/10.png,9
ഗ/100.png,9
ഗ/101.png,9
ഗ/103.png,9
ഗ/104.png,9
ഗ/105.png,9
ഗ/106.png,9
ഗ/107.png,9
ഗ/108.png,9
ഗ/11.png,9
ഗ/111.png,9
ഗ/112.png,9
ഗ/114.png,9
ഗ/115.png,9
ഗ/116.png,9
ഗ/117.png,9
ഗ/118.png,9
ഗ/12.png,9
ഗ/120.png,9
ഗ/122.png,9
ഗ/123.png,9
ഗ/124.png,9
ഗ/125.png,9
ഗ/126.png,9
ഗ/127.png,9
ഗ/128.png,9
ഗ/129.png,9
ഗ/13.png,9
ഗ/130.png,9
ഗ/131.png,9
ഗ/132.png,9
ഗ/133.png,9
ഗ/134.png,9
ഗ/135.png,9
ഗ/136.png,9
ഗ/137.png,9
ഗ/138.png,9
ഗ/139.png,9
ഗ/14.png,9
ഗ/140.png,9
ഗ/141.png,9
ഗ/142.png,9
ഗ/143.png,9
ഗ/144.png,9
ഗ/145.png,9
ഗ/146.png,9
ഗ/148.png,9
ഗ/149.png,9
ഗ/15.png,9
ഗ/150.png,9
ഗ/151.png,9
ഗ/152.png,9
ഗ/153.png,9
ഗ/154.png,9
ഗ/156.png,9
ഗ/157.png,9
ഗ/17.png,9
ഗ/18.png,9
ഗ/19.png,9
ഗ/20.png,9
ഗ/21.png,9
ഗ/23.png,9
ഗ/26.png,9
ഗ/28.png,9
ഗ/29.png,9
ഗ/30.png,9
ഗ/31.png,9
ഗ/32.png,9
ഗ/33.png,9
ഗ/34.png,9
ഗ/35.png,9
ഗ/36.png,9
ഗ/38.png,9
ഗ/39.png,9
ഗ/4.png,9
ഗ/40.png,9
ഗ/41.png,9
ഗ/42.png,9
ഗ/43.png,9
ഗ/44.png,9
ഗ/46.png,9
ഗ/47.png,9
ഗ/49.png,9
ഗ/5.png,9
ഗ/50.png,9
ഗ/51.png,9
ഗ/52.png,9
ഗ/53.png,9
ഗ/54.png,9
ഗ/55.png,9
ഗ/57.png,9
ഗ/58.png,9
ഗ/59.png,9
ഗ/60.png,9
ഗ/61.png,9
ഗ/62.png,9
ഗ/63.png,9
ഗ/64.png,9
ഗ/67.png,9
ഗ/68.png,9
ഗ/69.png,9
ഗ/7.png,9
ഗ/70.png,9
ഗ/71.png,9
ഗ/72.png,9
ഗ/73.png,9
ഗ/74.png,9
ഗ/75.png,9
ഗ/76.png,9
ഗ/77.png,9
ഗ/78.png,9
ഗ/79.png,9
ഗ/8.png,9
ഗ/80.png,9
ഗ/82.png,9
ഗ/83.png,9
ഗ/84.png,9
ഗ/85.png,9
ഗ/86.png,9
ഗ/88.png,9
ഗ/89.png,9
ഗ/90.png,9
ഗ/91.png,9
ഗ/92.png,9
ഗ/93.png,9
ഗ/94.png,9
ഗ/95.png,9
ഗ/96.png,9
ഗ/98.png,9
ഘ/1.png,10
ഘ/10.png,10
ഘ/101.png,10
ഘ/102.png,10
ഘ/103.png,10
ഘ/104.png,10
ഘ/105.png,10
ഘ/106.png,10
ഘ/107.png,10
ഘ/108.png,10
ഘ/109.png,10
ഘ/11.png,10
ഘ/110.png,10
ഘ/111.png,10
ഘ/112.png,10
ഘ/113.png,10
ഘ/114.png,10
ഘ/115.png,10
ഘ/116.png,10
ഘ/117.png,10
ഘ/118.png,10
ഘ/12.png,10
ഘ/121.png,10
ഘ/125.png,10
ഘ/126.png,10
ഘ/127.png,10
ഘ/128.png,10
ഘ/129.png,10
ഘ/13.png,10
ഘ/130.png,10
ഘ/131.png,10
ഘ/132.png,10
ഘ/133.png,10
ഘ/137.png,10
ഘ/138.png,10
ഘ/139.png,10
ഘ/14.png,10
ഘ/140.png,10
ഘ/142.png,10
ഘ/143.png,10
ഘ/144.png,10
ഘ/145.png,10
ഘ/148.png,10
ഘ/151.png,10
ഘ/152.png,10
ഘ/153.png,10
ഘ/154.png,10
ഘ/156.png,10
ഘ/157.png,10
ഘ/17.png,10
ഘ/18.png,10
ഘ/19.png,10
ഘ/20.png,10
ഘ/26.png,10
ഘ/27.png,10
ഘ/28.png,10
ഘ/29.png,10
ഘ/30.png,10
ഘ/31.png,10
ഘ/32.png,10
ഘ/33.png,10
ഘ/34.png,10
ഘ/36.png,10
ഘ/37.png,10
ഘ/39.png,10
ഘ/4.png,10
ഘ/40.png,10
ഘ/41.png,10
ഘ/42.png,10
ഘ/43.png,10
ഘ/44.png,10
ഘ/45.png,10
ഘ/46.png,10
ഘ/47.png,10
ഘ/48.png,10
ഘ/5.png,10
ഘ/50.png,10
ഘ/52.png,10
ഘ/55.png,10
ഘ/56.png,10
ഘ/57.png,10
ഘ/58.png,10
ഘ/6.png,10
ഘ/60.png,10
ഘ/61.png,10
ഘ/64.png,10
ഘ/65.png,10
ഘ/68.png,10
ഘ/69.png,10
ഘ/7.png,10
ഘ/70.png,10
ഘ/71.png,10
ഘ/72.png,10
ഘ/73.png,10
ഘ/74.png,10
ഘ/75.png,10
ഘ/76.png,10
ഘ/77.png,10
ഘ/79.png,10
ഘ/82.png,10
ഘ/83.png,10
ഘ/84.png,10
ഘ/85.png,10
ഘ/86.png,10
ഘ/88.png,10
ഘ/89.png,10
ഘ/90.png,10
ഘ/91.png,10
ഘ/92.png,10
ഘ/93.png,10
ഘ/94.png,10
ഘ/95.png,10
ഘ/96.png,10
ഘ/97.png,10
ഘ/98.png,10
ഘ/99.png,10
ങ/1.png,11
ങ/10.png,11
ങ/100.png,11
ങ/101.png,11
ങ/102.png,11
ങ/103.png,11
ങ/104.png,11
ങ/107.png,11
ങ/108.png,11
ങ/109.png,11
ങ/110.png,11
ങ/111.png,11
ങ/112.png,11
ങ/113.png,11
ങ/114.png,11
ങ/117.png,11
ങ/12.png,11
ങ/120.png,11
ങ/121.png,11
ങ/122.png,11
ങ/123.png,11
ങ/124.png,11
ങ/125.png,11
ങ/127.png,11
ങ/128.png,11
ങ/129.png,11
ങ/130.png,11
ങ/131.png,11
ങ/132.png,11
ങ/134.png,11
ങ/135.png,11
ങ/136.png,11
ങ/138.png,11
ങ/139.png,11
ങ/14.png,11
ങ/140.png,11
ങ/141.png,11
ങ/142.png,11
ങ/144.png,11
ങ/145.png,11
ങ/146.png,11
ങ/148.png,11
ങ/15.png,11
ങ/150.png,11
ങ/151.png,11
ങ/153.png,11
ങ/154.png,11
ങ/17.png,11
ങ/18.png,11
ങ/19.png,11
ങ/20.png,11
ങ/23.png,11
ങ/26.png,11
ങ/28.png,11
ങ/29.png,11
ങ/30.png,11
ങ/31.png,11
ങ/32.png,11
ങ/34.png,11
ങ/35.png,11
ങ/36.png,11
ങ/37.png,11
ങ/38.png,11
ങ/39.png,11
ങ/40.png,11
ങ/41.png,11
ങ/42.png,11
ങ/43.png,11
ങ/44.png,11
ങ/45.png,11
ങ/46.png,11
ങ/48.png,11
ങ/49.png,11
ങ/5.png,11
ങ/50.png,11
ങ/53.png,11
ങ/54.png,11
ങ/55.png,11
ങ/56.png,11
ങ/57.png,11
ങ/58.png,11
ങ/59.png,11
ങ/6.png,11
ങ/61.png,11
ങ/62.png,11
ങ/64.png,11
ങ/65.png,11
ങ/66.png,11
ങ/67.png,11
ങ/69.png,11
ങ/7.png,11
ങ/70.png,11
ങ/71.png,11
ങ/72.png,11
ങ/73.png,11
ങ/74.png,11
ങ/75.png,11
ങ/77.png,11
ങ/78.png,11
ങ/79.png,11
ങ/8.png,11
ങ/80.png,11
ങ/81.png,11
ങ/83.png,11
ങ/84.png,11
ങ/85.png,11
ങ/86.png,11
ങ/88.png,11
ങ/89.png,11
ങ/90.png,11
ങ/92.png,11
ങ/93.png,11
ങ/94.png,11
ങ/96.png,11
ങ/99.png,11
ച/1.png,12
ച/10.png,12
ച/100.png,12
ച/101.png,12
ച/102.png,12
ച/103.png,12
ച/104.png,12
ച/105.png,12
ച/106.png,12
ച/107.png,12
ച/108.png,12
ച/109.png,12
ച/11.png,12
ച/112.png,12
ച/113.png,12
ച/114.png,12
ച/115.png,12
ച/117.png,12
ച/119.png,12
ച/12.png,12
ച/120.png,12
ച/121.png,12
ച/122.png,12
ച/124.png,12
ച/125.png,12
ച/126.png,12
ച/127.png,12
ച/128.png,12
ച/129.png,12
ച/13.png,12
ച/130.png,12
ച/131.png,12
ച/132.png,12
ച/133.png,12
ച/134.png,12
ച/136.png,12
ച/137.png,12
ച/138.png,12
ച/139.png,12
ച/14.png,12
ച/140.png,12
ച/142.png,12
ച/146.png,12
ച/147.png,12
ച/149.png,12
ച/150.png,12
ച/17.png,12
ച/18.png,12
ച/19.png,12
ച/21.png,12
ച/22.png,12
ച/23.png,12
ച/24.png,12
ച/25.png,12
ച/26.png,12
ച/27.png,12
ച/28.png,12
ച/3.png,12
ച/32.png,12
ച/35.png,12
ച/36.png,12
ച/37.png,12
ച/38.png,12
ച/39.png,12
ച/4.png,12
ച/40.png,12
ച/41.png,12
ച/42.png,12
ച/43.png,12
ച/44.png,12
ച/47.png,12
ച/5.png,12
ച/53.png,12
ച/55.png,12
ച/57.png,12
ച/59.png,12
ച/6.png,12
ച/60.png,12
ച/61.png,12
ച/63.png,12
ച/64.png,12
ച/66.png,12
ച/67.png,12
ച/69.png,12
ച/7.png,12
ച/71.png,12
ച/72.png,12
ച/73.png,12
ച/74.png,12
ച/76.png,12
ച/77.png,12
ച/78.png,12
ച/79.png,12
ച/8.png,12
ച/80.png,12
ച/81.png,12
ച/82.png,12
ച/83.png,12
ച/84.png,12
ച/85.png,12
ച/87.png,12
ച/88.png,12
ച/89.png,12
ച/91.png,12
ച/92.png,12
ച/93.png,12
ച/96.png,12
ച/97.png,12
ച/98.png,12
ച/99.png,12
ഛ/1.png,13
ഛ/10.png,13
ഛ/100.png,13
ഛ/101.png,13
ഛ/102.png,13
ഛ/103.png,13
ഛ/104.png,13
ഛ/105.png,13
ഛ/106.png,13
ഛ/107.png,13
ഛ/108.png,13
ഛ/109.png,13
ഛ/11.png,13
ഛ/110.png,13
ഛ/111.png,13
ഛ/112.png,13
ഛ/113.png,13
ഛ/114.png,13
ഛ/115.png,13
ഛ/116.png,13
ഛ/117.png,13
ഛ/118.png,13
ഛ/119.png,13
ഛ/12.png,13
ഛ/120.png,13
ഛ/121.png,13
ഛ/122.png,13
ഛ/123.png,13
ഛ/125.png,13
ഛ/126.png,13
ഛ/127.png,13
ഛ/128.png,13
ഛ/129.png,13
ഛ/13.png,13
ഛ/130.png,13
ഛ/131.png,13
ഛ/132.png,13
ഛ/133.png,13
ഛ/134.png,13
ഛ/136.png,13
ഛ/137.png,13
ഛ/139.png,13
ഛ/14.png,13
ഛ/140.png,13
ഛ/15.png,13
ഛ/16.png,13
ഛ/17.png,13
ഛ/18.png,13
ഛ/19.png,13
ഛ/2.png,13
ഛ/20.png,13
ഛ/21.png,13
ഛ/22.png,13
ഛ/23.png,13
ഛ/24.png,13
ഛ/25.png,13
ഛ/26.png,13
ഛ/27.png,13
ഛ/28.png,13
ഛ/29.png,13
ഛ/3.png,13
ഛ/30.png,13
ഛ/31.png,13
ഛ/32.png,13
ഛ/33.png,13
ഛ/34.png,13
ഛ/36.png,13
ഛ/37.png,13
ഛ/38.png,13
ഛ/39.png,13
ഛ/4.png,13
ഛ/40.png,13
ഛ/41.png,13
ഛ/42.png,13
ഛ/43.png,13
ഛ/44.png,13
ഛ/45.png,13
ഛ/46.png,13
ഛ/47.png,13
ഛ/48.png,13
ഛ/49.png,13
ഛ/5.png,13
ഛ/50.png,13
ഛ/51.png,13
ഛ/52.png,13
ഛ/53.png,13
ഛ/54.png,13
ഛ/55.png,13
ഛ/56.png,13
ഛ/57.png,13
ഛ/58.png,13
ഛ/59.png,13
ഛ/6.png,13
ഛ/60.png,13
ഛ/61.png,13
ഛ/62.png,13
ഛ/63.png,13
ഛ/64.png,13
ഛ/65.png,13
ഛ/66.png,13
ഛ/68.png,13
ഛ/69.png,13
ഛ/7.png,13
ഛ/70.png,13
ഛ/71.png,13
ഛ/72.png,13
ഛ/73.png,13
ഛ/74.png,13
ഛ/75.png,13
ഛ/76.png,13
ഛ/77.png,13
ഛ/78.png,13
ഛ/79.png,13
ഛ/8.png,13
ഛ/80.png,13
ഛ/81.png,13
ഛ/82.png,13
ഛ/83.png,13
ഛ/84.png,13
ഛ/85.png,13
ഛ/86.png,13
ഛ/87.png,13
ഛ/88.png,13
ഛ/89.png,13
ഛ/9.png,13
ഛ/90.png,13
ഛ/91.png,13
ഛ/92.png,13
ഛ/93.png,13
ഛ/94.png,13
ഛ/95.png,13
ഛ/96.png,13
ഛ/97.png,13
ഛ/98.png,13
ഛ/99.png,13
ജ/1.png,14
ജ/10.png,14
ജ/100.png,14
ജ/101.png,14
ജ/102.png,14
ജ/103.png,14
ജ/104.png,14
ജ/106.png,14
ജ/107.png,14
ജ/108.png,14
ജ/11.png,14
ജ/111.png,14
ജ/112.png,14
ജ/113.png,14
ജ/114.png,14
ജ/115.png,14
ജ/116.png,14
ജ/117.png,14
ജ/118.png,14
ജ/119.png,14
ജ/12.png,14
ജ/120.png,14
ജ/121.png,14
ജ/122.png,14
ജ/123.png,14
ജ/124.png,14
ജ/125.png,14
ജ/126.png,14
ജ/127.png,14
ജ/128.png,14
ജ/129.png,14
ജ/13.png,14
ജ/130.png,14
ജ/131.png,14
ജ/133.png,14
ജ/134.png,14
ജ/135.png,14
ജ/136.png,14
ജ/137.png,14
ജ/138.png,14
ജ/139.png,14
ജ/14.png,14
ജ/140.png,14
ജ/141.png,14
ജ/142.png,14
ജ/143.png,14
ജ/144.png,14
ജ/145.png,14
ജ/147.png,14
ജ/148.png,14
ജ/15.png,14
ജ/16.png,14
ജ/17.png,14
ജ/18.png,14
ജ/19.png,14
ജ/2.png,14
ജ/20.png,14
ജ/21.png,14
ജ/22.png,14
ജ/23.png,14
ജ/24.png,14
ജ/25.png,14
ജ/26.png,14
ജ/27.png,14
ജ/28.png,14
ജ/29.png,14
ജ/3.png,14
ജ/31.png,14
ജ/32.png,14
ജ/33.png,14
ജ/34.png,14
ജ/35.png,14
ജ/36.png,14
ജ/37.png,14
ജ/38.png,14
ജ/39.png,14
ജ/4.png,14
ജ/40.png,14
ജ/41.png,14
ജ/42.png,14
ജ/43.png,14
ജ/44.png,14
ജ/45.png,14
ജ/46.png,14
ജ/47.png,14
ജ/48.png,14
ജ/49.png,14
ജ/5.png,14
ജ/50.png,14
ജ/51.png,14
ജ/52.png,14
ജ/53.png,14
ജ/54.png,14
ജ/55.png,14
ജ/56.png,14
ജ/57.png,14
ജ/58.png,14
ജ/59.png,14
ജ/6.png,14
ജ/60.png,14
ജ/61.png,14
ജ/62.png,14
ജ/63.png,14
ജ/64.png,14
ജ/66.png,14
ജ/67.png,14
ജ/68.png,14
ജ/69.png,14
ജ/7.png,14
ജ/70.png,14
ജ/71.png,14
ജ/72.png,14
ജ/73.png,14
ജ/74.png,14
ജ/75.png,14
ജ/77.png,14
ജ/78.png,14
ജ/79.png,14
ജ/8.png,14
ജ/80.png,14
ജ/81.png,14
ജ/82.png,14
ജ/83.png,14
ജ/84.png,14
ജ/85.png,14
ജ/86.png,14
ജ/87.png,14
ജ/88.png,14
ജ/9.png,14
ജ/90.png,14
ജ/91.png,14
ജ/92.png,14
ജ/93.png,14
ജ/94.png,14
ജ/95.png,14
ജ/96.png,14
ജ/97.png,14
ജ/98.png,14
ജ/99.png,14
ഝ/1.png,15
ഝ/10.png,15
ഝ/100.png,15
ഝ/101.png,15
ഝ/102.png,15
ഝ/103.png,15
ഝ/104.png,15
ഝ/105.png,15
ഝ/106.png,15
ഝ/108.png,15
ഝ/109.png,15
ഝ/11.png,15
ഝ/110.png,15
ഝ/112.png,15
ഝ/114.png,15
ഝ/115.png,15
ഝ/116.png,15
ഝ/117.png,15
ഝ/118.png,15
ഝ/119.png,15
ഝ/12.png,15
ഝ/120.png,15
ഝ/121.png,15
ഝ/122.png,15
ഝ/123.png,15
ഝ/124.png,15
ഝ/125.png,15
ഝ/126.png,15
ഝ/127.png,15
ഝ/128.png,15
ഝ/129.png,15
ഝ/13.png,15
ഝ/130.png,15
ഝ/131.png,15
ഝ/132.png,15
ഝ/133.png,15
ഝ/134.png,15
ഝ/135.png,15
ഝ/137.png,15
ഝ/138.png,15
ഝ/139.png,15
ഝ/14.png,15
ഝ/140.png,15
ഝ/141.png,15
ഝ/142.png,15
ഝ/143.png,15
ഝ/145.png,15
ഝ/146.png,15
ഝ/15.png,15
ഝ/16.png,15
ഝ/17.png,15
ഝ/18.png,15
ഝ/19.png,15
ഝ/2.png,15
ഝ/20.png,15
ഝ/21.png,15
ഝ/22.png,15
ഝ/23.png,15
ഝ/24.png,15
ഝ/25.png,15
ഝ/26.png,15
ഝ/27.png,15
ഝ/28.png,15
ഝ/29.png,15
ഝ/3.png,15
ഝ/30.png,15
ഝ/31.png,15
ഝ/32.png,15
ഝ/34.png,15
ഝ/35.png,15
ഝ/36.png,15
ഝ/37.png,15
ഝ/38.png,15
ഝ/39.png,15
ഝ/4.png,15
ഝ/40.png,15
ഝ/41.png,15
ഝ/42.png,15
ഝ/43.png,15
ഝ/44.png,15
ഝ/45.png,15
ഝ/46.png,15
ഝ/47.png,15
ഝ/48.png,15
ഝ/49.png,15
ഝ/5.png,15
ഝ/50.png,15
ഝ/51.png,15
ഝ/52.png,15
ഝ/53.png,15
ഝ/54.png,15
ഝ/55.png,15
ഝ/56.png,15
ഝ/57.png,15
ഝ/58.png,15
ഝ/59.png,15
ഝ/6.png,15
ഝ/60.png,15
ഝ/61.png,15
ഝ/62.png,15
ഝ/63.png,15
ഝ/64.png,15
ഝ/65.png,15
ഝ/66.png,15
ഝ/67.png,15
ഝ/68.png,15
ഝ/69.png,15
ഝ/71.png,15
ഝ/72.png,15
ഝ/73.png,15
ഝ/74.png,15
ഝ/75.png,15
ഝ/76.png,15
ഝ/77.png,15
ഝ/78.png,15
ഝ/79.png,15
ഝ/8.png,15
ഝ/80.png,15
ഝ/81.png,15
ഝ/82.png,15
ഝ/83.png,15
ഝ/84.png,15
ഝ/85.png,15
ഝ/86.png,15
ഝ/87.png,15
ഝ/88.png,15
ഝ/89.png,15
ഝ/9.png,15
ഝ/90.png,15
ഝ/91.png,15
ഝ/92.png,15
ഝ/93.png,15
ഝ/94.png,15
ഝ/95.png,15
ഝ/96.png,15
ഝ/97.png,15
ഝ/98.png,15
ഝ/99.png,15
ഞ/1.png,16
ഞ/10.png,16
ഞ/100.png,16
ഞ/101.png,16
ഞ/102.png,16
ഞ/103.png,16
ഞ/104.png,16
ഞ/105.png,16
ഞ/106.png,16
ഞ/107.png,16
ഞ/109.png,16
ഞ/11.png,16
ഞ/111.png,16
ഞ/112.png,16
ഞ/113.png,16
ഞ/114.png,16
ഞ/115.png,16
ഞ/116.png,16
ഞ/117.png,16
ഞ/118.png,16
ഞ/119.png,16
ഞ/12.png,16
ഞ/120.png,16
ഞ/121.png,16
ഞ/122.png,16
ഞ/123.png,16
ഞ/124.png,16
ഞ/125.png,16
ഞ/126.png,16
ഞ/128.png,16
ഞ/129.png,16
ഞ/13.png,16
ഞ/130.png,16
ഞ/131.png,16
ഞ/132.png,16
ഞ/133.png,16
ഞ/134.png,16
ഞ/135.png,16
ഞ/136.png,16
ഞ/14.png,16
ഞ/148.png,16
ഞ/15.png,16
ഞ/151.png,16
ഞ/152.png,16
ഞ/16.png,16
ഞ/17.png,16
ഞ/18.png,16
ഞ/19.png,16
ഞ/20.png,16
ഞ/21.png,16
ഞ/22.png,16
ഞ/23.png,16
ഞ/24.png,16
ഞ/25.png,16
ഞ/26.png,16
ഞ/28.png,16
ഞ/29.png,16
ഞ/3.png,16
ഞ/30.png,16
ഞ/31.png,16
ഞ/32.png,16
ഞ/33.png,16
ഞ/34.png,16
ഞ/35.png,16
ഞ/36.png,16
ഞ/37.png,16
ഞ/38.png,16
ഞ/39.png,16
ഞ/4.png,16
ഞ/40.png,16
ഞ/41.png,16
ഞ/42.png,16
ഞ/43.png,16
ഞ/44.png,16
ഞ/45.png,16
ഞ/46.png,16
ഞ/47.png,16
ഞ/48.png,16
ഞ/49.png,16
ഞ/5.png,16
ഞ/50.png,16
ഞ/51.png,16
ഞ/52.png,16
ഞ/53.png,16
ഞ/54.png,16
ഞ/55.png,16
ഞ/56.png,16
ഞ/57.png,16
ഞ/58.png,16
ഞ/59.png,16
ഞ/6.png,16
ഞ/60.png,16
ഞ/61.png,16
ഞ/62.png,16
ഞ/63.png,16
ഞ/64.png,16
ഞ/65.png,16
ഞ/66.png,16
ഞ/67.png,16
ഞ/69.png,16
ഞ/7.png,16
ഞ/70.png,16
ഞ/71.png,16
ഞ/72.png,16
ഞ/73.png,16
ഞ/74.png,16
ഞ/75.png,16
ഞ/76.png,16
ഞ/77.png,16
ഞ/78.png,16
ഞ/79.png,16
ഞ/8.png,16
ഞ/80.png,16
ഞ/81.png,16
ഞ/82.png,16
ഞ/83.png,16
ഞ/84.png,16
ഞ/86.png,16
ഞ/87.png,16
ഞ/88.png,16
ഞ/89.png,16
ഞ/9.png,16
ഞ/90.png,16
ഞ/91.png,16
ഞ/92.png,16
ഞ/93.png,16
ഞ/94.png,16
ഞ/95.png,16
ഞ/96.png,16
ഞ/97.png,16
ഞ/98.png,16
ഞ/99.png,16
ട/1.png,17
ട/10.png,17
ട/100.png,17
ട/101.png,17
ട/102.png,17
ട/104.png,17
ട/105.png,17
ട/106.png,17
ട/107.png,17
ട/108.png,17
ട/109.png,17
ട/11.png,17
ട/110.png,17
ട/111.png,17
ട/112.png,17
ട/113.png,17
ട/114.png,17
ട/115.png,17
ട/116.png,17
ട/117.png,17
ട/118.png,17
ട/119.png,17
ട/12.png,17
ട/121.png,17
ട/122.png,17
ട/123.png,17
ട/124.png,17
ട/125.png,17
ട/126.png,17
ട/127.png,17
ട/128.png,17
ട/129.png,17
ട/13.png,17
ട/130.png,17
ട/131.png,17
ട/132.png,17
ട/134.png,17
ട/135.png,17
ട/14.png,17
ട/15.png,17
ട/16.png,17
ട/17.png,17
ട/18.png,17
ട/19.png,17
ട/2.png,17
ട/20.png,17
ട/21.png,17
ട/22.png,17
ട/24.png,17
ട/25.png,17
ട/26.png,17
ട/27.png,17
ട/28.png,17
ട/29.png,17
ട/3.png,17
ട/30.png,17
ട/31.png,17
ട/32.png,17
ട/33.png,17
ട/34.png,17
ട/35.png,17
ട/36.png,17
ട/37.png,17
ട/38.png,17
ട/39.png,17
ട/4.png,17
ട/40.png,17
ട/41.png,17
ട/42.png,17
ട/43.png,17
ട/44.png,17
ട/45.png,17
ട/46.png,17
ട/47.png,17
ട/48.png,17
ട/49.png,17
ട/5.png,17
ട/50.png,17
ട/51.png,17
ട/52.png,17
ട/53.png,17
ട/54.png,17
ട/55.png,17
ട/56.png,17
ട/57.png,17
ട/58.png,17
ട/59.png,17
ട/6.png,17
ട/60.png,17
ട/61.png,17
ട/62.png,17
ട/63.png,17
ട/64.png,17
ട/65.png,17
ട/66.png,17
ട/67.png,17
ട/68.png,17
ട/69.png,17
ട/7.png,17
ട/70.png,17
ട/71.png,17
ട/72.png,17
ട/73.png,17
ട/74.png,17
ട/75.png,17
ട/76.png,17
ട/77.png,17
ട/78.png,17
ട/79.png,17
ട/8.png,17
ട/80.png,17
ട/81.png,17
ട/82.png,17
ട/83.png,17
ട/84.png,17
ട/85.png,17
ട/86.png,17
ട/87.png,17
ട/88.png,17
ട/89.png,17
ട/9.png,17
ട/90.png,17
ട/91.png,17
ട/92.png,17
ട/93.png,17
ട/94.png,17
ട/95.png,17
ട/96.png,17
ട/97.png,17
ട/98.png,17
ട/99.png,17
ഠ/1.png,18
ഠ/10.png,18
ഠ/100.png,18
ഠ/101.png,18
ഠ/102.png,18
ഠ/103.png,18
ഠ/104.png,18
ഠ/105.png,18
ഠ/106.png,18
ഠ/107.png,18
ഠ/108.png,18
ഠ/109.png,18
ഠ/11.png,18
ഠ/110.png,18
ഠ/111.png,18
ഠ/112.png,18
ഠ/113.png,18
ഠ/114.png,18
ഠ/115.png,18
ഠ/116.png,18
ഠ/117.png,18
ഠ/118.png,18
ഠ/119.png,18
ഠ/12.png,18
ഠ/120.png,18
ഠ/121.png,18
ഠ/122.png,18
ഠ/123.png,18
ഠ/125.png,18
ഠ/126.png,18
ഠ/127.png,18
ഠ/128.png,18
ഠ/129.png,18
ഠ/13.png,18
ഠ/130.png,18
ഠ/131.png,18
ഠ/132.png,18
ഠ/133.png,18
ഠ/134.png,18
ഠ/135.png,18
ഠ/136.png,18
ഠ/137.png,18
ഠ/139.png,18
ഠ/14.png,18
ഠ/140.png,18
ഠ/15.png,18
ഠ/16.png,18
ഠ/17.png,18
ഠ/18.png,18
ഠ/19.png,18
ഠ/2.png,18
ഠ/20.png,18
ഠ/21.png,18
ഠ/22.png,18
ഠ/23.png,18
ഠ/25.png,18
ഠ/26.png,18
ഠ/27.png,18
ഠ/28.png,18
ഠ/29.png,18
ഠ/3.png,18
ഠ/30.png,18
ഠ/31.png,18
ഠ/32.png,18
ഠ/33.png,18
ഠ/34.png,18
ഠ/35.png,18
ഠ/36.png,18
ഠ/37.png,18
ഠ/38.png,18
ഠ/39.png,18
ഠ/4.png,18
ഠ/40.png,18
ഠ/41.png,18
ഠ/42.png,18
ഠ/43.png,18
ഠ/44.png,18
ഠ/45.png,18
ഠ/46.png,18
ഠ/47.png,18
ഠ/48.png,18
ഠ/49.png,18
ഠ/5.png,18
ഠ/50.png,18
ഠ/51.png,18
ഠ/52.png,18
ഠ/53.png,18
ഠ/54.png,18
ഠ/55.png,18
ഠ/56.png,18
ഠ/57.png,18
ഠ/58.png,18
ഠ/59.png,18
ഠ/6.png,18
ഠ/60.png,18
ഠ/61.png,18
ഠ/62.png,18
ഠ/63.png,18
ഠ/64.png,18
ഠ/65.png,18
ഠ/66.png,18
ഠ/67.png,18
ഠ/68.png,18
ഠ/69.png,18
ഠ/70.png,18
ഠ/71.png,18
ഠ/72.png,18
ഠ/73.png,18
ഠ/74.png,18
ഠ/76.png,18
ഠ/77.png,18
ഠ/78.png,18
ഠ/79.png,18
ഠ/8.png,18
ഠ/80.png,18
ഠ/81.png,18
ഠ/82.png,18
ഠ/83.png,18
ഠ/85.png,18
ഠ/86.png,18
ഠ/87.png,18
ഠ/88.png,18
ഠ/89.png,18
ഠ/9.png,18
ഠ/90.png,18
ഠ/91.png,18
ഠ/92.png,18
ഠ/93.png,18
ഠ/94.png,18
ഠ/95.png,18
ഠ/96.png,18
ഠ/97.png,18
ഠ/98.png,18
ഠ/99.png,18
ഡ/1.png,19
ഡ/10.png,19
ഡ/100.png,19
ഡ/101.png,19
ഡ/102.png,19
ഡ/103.png,19
ഡ/104.png,19
ഡ/105.png,19
ഡ/106.png,19
ഡ/107.png,19
ഡ/108.png,19
ഡ/109.png,19
ഡ/11.png,19
ഡ/110.png,19
ഡ/111.png,19
ഡ/112.png,19
ഡ/113.png,19
ഡ/114.png,19
ഡ/115.png,19
ഡ/116.png,19
ഡ/118.png,19
ഡ/119.png,19
ഡ/12.png,19
ഡ/120.png,19
ഡ/121.png,19
ഡ/122.png,19
ഡ/123.png,19
ഡ/125.png,19
ഡ/126.png,19
ഡ/127.png,19
ഡ/128.png,19
ഡ/13.png,19
ഡ/130.png,19
ഡ/131.png,19
ഡ/14.png,19
ഡ/15.png,19
ഡ/16.png,19
ഡ/17.png,19
ഡ/18.png,19
ഡ/19.png,19
ഡ/2.png,19
ഡ/20.png,19
ഡ/21.png,19
ഡ/22.png,19
ഡ/23.png,19
ഡ/24.png,19
ഡ/25.png,19
ഡ/26.png,19
ഡ/27.png,19
ഡ/28.png,19
ഡ/29.png,19
ഡ/3.png,19
ഡ/30.png,19
ഡ/31.png,19
ഡ/32.png,19
ഡ/33.png,19
ഡ/34.png,19
ഡ/35.png,19
ഡ/36.png,19
ഡ/37.png,19
ഡ/38.png,19
ഡ/39.png,19
ഡ/4.png,19
ഡ/40.png,19
ഡ/41.png,19
ഡ/42.png,19
ഡ/43.png,19
ഡ/44.png,19
ഡ/45.png,19
ഡ/46.png,19
ഡ/47.png,19
ഡ/48.png,19
ഡ/49.png,19
ഡ/5.png,19
ഡ/50.png,19
ഡ/51.png,19
ഡ/52.png,19
ഡ/53.png,19
ഡ/54.png,19
ഡ/55.png,19
ഡ/56.png,19
ഡ/57.png,19
ഡ/58.png,19
ഡ/59.png,19
ഡ/6.png,19
ഡ/60.png,19
ഡ/61.png,19
ഡ/62.png,19
ഡ/63.png,19
ഡ/64.png,19
ഡ/66.png,19
ഡ/67.png,19
ഡ/68.png,19
ഡ/69.png,19
ഡ/7.png,19
ഡ/70.png,19
ഡ/71.png,19
ഡ/72.png,19
ഡ/74.png,19
ഡ/75.png,19
ഡ/76.png,19
ഡ/77.png,19
ഡ/78.png,19
ഡ/79.png,19
ഡ/8.png,19
ഡ/80.png,19
ഡ/82.png,19
ഡ/83.png,19
ഡ/84.png,19
ഡ/85.png,19
ഡ/86.png,19
ഡ/87.png,19
ഡ/88.png,19
ഡ/89.png,19
ഡ/9.png,19
ഡ/90.png,19
ഡ/91.png,19
ഡ/92.png,19
ഡ/93.png,19
ഡ/94.png,19
ഡ/95.png,19
ഡ/96.png,19
ഡ/97.png,19
ഡ/98.png,19
ഢ/1.png,20
ഢ/10.png,20
ഢ/100.png,20
ഢ/101.png,20
ഢ/102.png,20
ഢ/103.png,20
ഢ/104.png,20
ഢ/105.png,20
ഢ/106.png,20
ഢ/107.png,20
ഢ/108.png,20
ഢ/109.png,20
ഢ/11.png,20
ഢ/110.png,20
ഢ/111.png,20
ഢ/112.png,20
ഢ/113.png,20
ഢ/114.png,20
ഢ/115.png,20
ഢ/116.png,20
ഢ/117.png,20
ഢ/118.png,20
ഢ/119.png,20
ഢ/12.png,20
ഢ/120.png,20
ഢ/121.png,20
ഢ/122.png,20
ഢ/123.png,20
ഢ/125.png,20
ഢ/126.png,20
ഢ/127.png,20
ഢ/128.png,20
ഢ/13.png,20
ഢ/130.png,20
ഢ/131.png,20
ഢ/14.png,20
ഢ/15.png,20
ഢ/16.png,20
ഢ/17.png,20
ഢ/18.png,20
ഢ/19.png,20
ഢ/2.png,20
ഢ/20.png,20
ഢ/21.png,20
ഢ/22.png,20
ഢ/23.png,20
ഢ/24.png,20
ഢ/25.png,20
ഢ/26.png,20
ഢ/27.png,20
ഢ/28.png,20
ഢ/29.png,20
ഢ/3.png,20
ഢ/30.png,20
ഢ/31.png,20
ഢ/32.png,20
ഢ/33.png,20
ഢ/34.png,20
ഢ/35.png,20
ഢ/36.png,20
ഢ/37.png,20
ഢ/38.png,20
ഢ/39.png,20
ഢ/4.png,20
ഢ/40.png,20
ഢ/41.png,20
ഢ/42.png,20
ഢ/43.png,20
ഢ/46.png,20
ഢ/47.png,20
ഢ/48.png,20
ഢ/49.png,20
ഢ/5.png,20
ഢ/50.png,20
ഢ/51.png,20
ഢ/52.png,20
ഢ/53.png,20
ഢ/54.png,20
ഢ/55.png,20
ഢ/56.png,20
ഢ/57.png,20
ഢ/58.png,20
ഢ/59.png,20
ഢ/6.png,20
ഢ/60.png,20
ഢ/64.png,20
ഢ/65.png,20
ഢ/67.png,20
ഢ/68.png,20
ഢ/69.png,20
ഢ/7.png,20
ഢ/70.png,20
ഢ/71.png,20
ഢ/72.png,20
ഢ/73.png,20
ഢ/74.png,20
ഢ/75.png,20
ഢ/76.png,20
ഢ/77.png,20
ഢ/78.png,20
ഢ/8.png,20
ഢ/80.png,20
ഢ/81.png,20
ഢ/83.png,20
ഢ/84.png,20
ഢ/85.png,20
ഢ/86.png,20
ഢ/87.png,20
ഢ/88.png,20
ഢ/89.png,20
ഢ/9.png,20
ഢ/90.png,20
ഢ/91.png,20
ഢ/92.png,20
ഢ/93.png,20
ഢ/94.png,20
ഢ/95.png,20
ഢ/96.png,20
ഢ/97.png,20
ഢ/98.png,20
ഢ/99.png,20
ണ/1.png,21
ണ/10.png,21
ണ/100.png,21
ണ/101.png,21
ണ/102.png,21
ണ/104.png,21
ണ/105.png,21
ണ/106.png,21
ണ/107.png,21
ണ/108.png,21
ണ/109.png,21
ണ/11.png,21
ണ/110.png,21
ണ/111.png,21
ണ/112.png,21
ണ/113.png,21
ണ/114.png,21
ണ/115.png,21
ണ/116.png,21
ണ/118.png,21
ണ/119.png,21
ണ/12.png,21
ണ/120.png,21
ണ/121.png,21
ണ/122.png,21
ണ/123.png,21
ണ/124.png,21
ണ/126.png,21
ണ/127.png,21
ണ/128.png,21
ണ/129.png,21
ണ/13.png,21
ണ/131.png,21
ണ/132.png,21
ണ/14.png,21
ണ/15.png,21
ണ/16.png,21
ണ/17.png,21
ണ/18.png,21
ണ/19.png,21
ണ/2.png,21
ണ/20.png,21
ണ/21.png,21
ണ/22.png,21
ണ/23.png,21
ണ/24.png,21
ണ/25.png,21
ണ/26.png,21
ണ/27.png,21
ണ/28.png,21
ണ/29.png,21
ണ/3.png,21
ണ/30.png,21
ണ/31.png,21
ണ/32.png,21
ണ/33.png,21
ണ/34.png,21
ണ/35.png,21
ണ/36.png,21
ണ/37.png,21
ണ/38.png,21
ണ/39.png,21
ണ/4.png,21
ണ/40.png,21
ണ/41.png,21
ണ/42.png,21
ണ/43.png,21
ണ/44.png,21
ണ/45.png,21
ണ/46.png,21
ണ/47.png,21
ണ/48.png,21
ണ/49.png,21
ണ/5.png,21
ണ/50.png,21
ണ/51.png,21
ണ/52.png,21
ണ/53.png,21
ണ/54.png,21
ണ/55.png,21
ണ/56.png,21
ണ/57.png,21
ണ/58.png,21
ണ/59.png,21
ണ/6.png,21
ണ/60.png,21
ണ/61.png,21
ണ/62.png,21
ണ/63.png,21
ണ/64.png,21
ണ/65.png,21
ണ/66.png,21
ണ/67.png,21
ണ/69.png,21
ണ/7.png,21
ണ/70.png,21
ണ/71.png,21
ണ/72.png,21
ണ/73.png,21
ണ/74.png,21
ണ/75.png,21
ണ/76.png,21
ണ/77.png,21
ണ/79.png,21
ണ/8.png,21
ണ/80.png,21
ണ/81.png,21
ണ/82.png,21
ണ/83.png,21
ണ/84.png,21
ണ/87.png,21
ണ/88.png,21
ണ/89.png,21
ണ/9.png,21
ണ/90.png,21
ണ/91.png,21
ണ/92.png,21
ണ/93.png,21
ണ/94.png,21
ണ/95.png,21
ണ/97.png,21
ണ/98.png,21
ണ/99.png,21
ത/1.png,22
ത/10.png,22
ത/100.png,22
ത/101.png,22
ത/102.png,22
ത/103.png,22
ത/104.png,22
ത/105.png,22
ത/106.png,22
ത/107.png,22
ത/108.png,22
ത/109.png,22
ത/110.png,22
ത/111.png,22
ത/112.png,22
ത/113.png,22
ത/114.png,22
ത/115.png,22
ത/116.png,22
ത/118.png,22
ത/119.png,22
ത/12.png,22
ത/120.png,22
ത/121.png,22
ത/122.png,22
ത/123.png,22
ത/124.png,22
ത/125.png,22
ത/126.png,22
ത/128.png,22
ത/129.png,22
ത/13.png,22
ത/14.png,22
ത/15.png,22
ത/16.png,22
ത/17.png,22
ത/18.png,22
ത/19.png,22
ത/2.png,22
ത/20.png,22
ത/21.png,22
ത/22.png,22
ത/23.png,22
ത/24.png,22
ത/25.png,22
ത/26.png,22
ത/28.png,22
ത/29.png,22
ത/3.png,22
ത/30.png,22
ത/31.png,22
ത/32.png,22
ത/33.png,22
ത/34.png,22
ത/35.png,22
ത/36.png,22
ത/37.png,22
ത/38.png,22
ത/39.png,22
ത/4.png,22
ത/40.png,22
ത/41.png,22
ത/42.png,22
ത/43.png,22
ത/44.png,22
ത/45.png,22
ത/46.png,22
ത/47.png,22
ത/48.png,22
ത/49.png,22
ത/5.png,22
ത/50.png,22
ത/51.png,22
ത/52.png,22
ത/53.png,22
ത/54.png,22
ത/55.png,22
ത/56.png,22
ത/57.png,22
ത/58.png,22
ത/59.png,22
ത/6.png,22
ത/60.png,22
ത/61.png,22
ത/62.png,22
ത/63.png,22
ത/65.png,22
ത/66.png,22
ത/68.png,22
ത/69.png,22
ത/7.png,22
ത/70.png,22
ത/71.png,22
ത/72.png,22
ത/73.png,22
ത/74.png,22
ത/75.png,22
ത/76.png,22
ത/77.png,22
ത/78.png,22
ത/79.png,22
ത/8.png,22
ത/80.png,22
ത/81.png,22
ത/83.png,22
ത/84.png,22
ത/85.png,22
ത/86.png,22
ത/87.png,22
ത/88.png,22
ത/9.png,22
ത/90.png,22
ത/91.png,22
ത/92.png,22
ത/93.png,22
ത/94.png,22
ത/95.png,22
ത/96.png,22
ത/97.png,22
ത/98.png,22
ത/99.png,22
ഥ/1.png,23
ഥ/100.png,23
ഥ/101.png,23
ഥ/102.png,23
ഥ/103.png,23
ഥ/104.png,23
ഥ/105.png,23
ഥ/106.png,23
ഥ/107.png,23
ഥ/108.png,23
ഥ/109.png,23
ഥ/11.png,23
ഥ/110.png,23
ഥ/111.png,23
ഥ/112.png,23
ഥ/113.png,23
ഥ/114.png,23
ഥ/115.png,23
ഥ/116.png,23
ഥ/117.png,23
ഥ/118.png,23
ഥ/119.png,23
ഥ/12.png,23
ഥ/120.png,23
ഥ/121.png,23
ഥ/122.png,23
ഥ/123.png,23
ഥ/124.png,23
ഥ/126.png,23
ഥ/127.png,23
ഥ/13.png,23
ഥ/14.png,23
ഥ/15.png,23
ഥ/16.png,23
ഥ/17.png,23
ഥ/18.png,23
ഥ/19.png,23
ഥ/2.png,23
ഥ/20.png,23
ഥ/21.png,23
ഥ/22.png,23
ഥ/23.png,23
ഥ/24.png,23
ഥ/25.png,23
ഥ/26.png,23
ഥ/27.png,23
ഥ/28.png,23
ഥ/29.png,23
ഥ/3.png,23
ഥ/30.png,23
ഥ/31.png,23
ഥ/32.png,23
ഥ/33.png,23
ഥ/34.png,23
ഥ/35.png,23
ഥ/36.png,23
ഥ/37.png,23
ഥ/38.png,23
ഥ/39.png,23
ഥ/4.png,23
ഥ/40.png,23
ഥ/41.png,23
ഥ/42.png,23
ഥ/43.png,23
ഥ/44.png,23
ഥ/45.png,23
ഥ/46.png,23
ഥ/48.png,23
ഥ/49.png,23
ഥ/5.png,23
ഥ/50.png,23
ഥ/51.png,23
ഥ/52.png,23
ഥ/53.png,23
ഥ/54.png,23
ഥ/55.png,23
ഥ/56.png,23
ഥ/57.png,23
ഥ/58.png,23
ഥ/59.png,23
ഥ/6.png,23
ഥ/60.png,23
ഥ/62.png,23
ഥ/63.png,23
ഥ/64.png,23
ഥ/67.png,23
ഥ/68.png,23
ഥ/69.png,23
ഥ/7.png,23
ഥ/70.png,23
ഥ/71.png,23
ഥ/72.png,23
ഥ/73.png,23
ഥ/74.png,23
ഥ/75.png,23
ഥ/76.png,23
ഥ/77.png,23
ഥ/78.png,23
ഥ/79.png,23
ഥ/8.png,23
ഥ/80.png,23
ഥ/81.png,23
ഥ/83.png,23
ഥ/84.png,23
ഥ/85.png,23
ഥ/86.png,23
ഥ/87.png,23
ഥ/88.png,23
ഥ/89.png,23
ഥ/9.png,23
ഥ/90.png,23
ഥ/92.png,23
ഥ/93.png,23
ഥ/94.png,23
ഥ/95.png,23
ഥ/96.png,23
ഥ/97.png,23
ഥ/98.png,23
ഥ/99.png,23
ദ/1.png,24
ദ/10.png,24
ദ/100.png,24
ദ/101.png,24
ദ/102.png,24
ദ/103.png,24
ദ/104.png,24
ദ/105.png,24
ദ/106.png,24
ദ/107.png,24
ദ/108.png,24
ദ/109.png,24
ദ/11.png,24
ദ/111.png,24
ദ/112.png,24
ദ/113.png,24
ദ/114.png,24
ദ/115.png,24
ദ/116.png,24
ദ/117.png,24
ദ/118.png,24
ദ/119.png,24
ദ/12.png,24
ദ/120.png,24
ദ/122.png,24
ദ/13.png,24
ദ/14.png,24
ദ/15.png,24
ദ/16.png,24
ദ/17.png,24
ദ/18.png,24
ദ/19.png,24
ദ/2.png,24
ദ/20.png,24
ദ/21.png,24
ദ/22.png,24
ദ/23.png,24
ദ/24.png,24
ദ/25.png,24
ദ/26.png,24
ദ/27.png,24
ദ/28.png,24
ദ/29.png,24
ദ/3.png,24
ദ/30.png,24
ദ/31.png,24
ദ/32.png,24
ദ/33.png,24
ദ/34.png,24
ദ/35.png,24
ദ/36.png,24
ദ/37.png,24
ദ/38.png,24
ദ/39.png,24
ദ/4.png,24
ദ/40.png,24
ദ/41.png,24
ദ/42.png,24
ദ/43.png,24
ദ/44.png,24
ദ/45.png,24
ദ/46.png,24
ദ/47.png,24
ദ/48.png,24
ദ/49.png,24
ദ/5.png,24
ദ/50.png,24
ദ/51.png,24
ദ/52.png,24
ദ/53.png,24
ദ/54.png,24
ദ/55.png,24
ദ/56.png,24
ദ/57.png,24
ദ/58.png,24
ദ/59.png,24
ദ/6.png,24
ദ/60.png,24
ദ/61.png,24
ദ/62.png,24
ദ/63.png,24
ദ/65.png,24
ദ/66.png,24
ദ/67.png,24
ദ/68.png,24
ദ/69.png,24
ദ/7.png,24
ദ/70.png,24
ദ/71.png,24
ദ/72.png,24
ദ/73.png,24
ദ/74.png,24
ദ/75.png,24
ദ/76.png,24
ദ/77.png,24
ദ/78.png,24
ദ/79.png,24
ദ/8.png,24
ദ/80.png,24
ദ/81.png,24
ദ/82.png,24
ദ/83.png,24
ദ/84.png,24
ദ/85.png,24
ദ/86.png,24
ദ/87.png,24
ദ/88.png,24
ദ/89.png,24
ദ/9.png,24
ദ/90.png,24
ദ/91.png,24
ദ/92.png,24
ദ/93.png,24
ദ/94.png,24
ദ/95.png,24
ദ/96.png,24
ദ/97.png,24
ദ/98.png,24
ദ/99.png,24
ധ/1.png,25
ധ/100.png,25
ധ/101.png,25
ധ/102.png,25
ധ/103.png,25
ധ/104.png,25
ധ/105.png,25
ധ/106.png,25
ധ/107.png,25
ധ/108.png,25
ധ/109.png,25
ധ/11.png,25
ധ/110.png,25
ധ/111.png,25
ധ/112.png,25
ധ/113.png,25
ധ/114.png,25
ധ/115.png,25
ധ/116.png,25
ധ/117.png,25
ധ/118.png,25
ധ/119.png,25
ധ/12.png,25
ധ/120.png,25
ധ/121.png,25
ധ/123.png,25
ധ/13.png,25
ധ/14.png,25
ധ/15.png,25
ധ/16.png,25
ധ/17.png,25
ധ/18.png,25
ധ/19.png,25
ധ/2.png,25
ധ/20.png,25
ധ/21.png,25
ധ/22.png,25
ധ/23.png,25
ധ/24.png,25
ധ/25.png,25
ധ/26.png,25
ധ/27.png,25
ധ/28.png,25
ധ/29.png,25
ധ/3.png,25
ധ/30.png,25
ധ/31.png,25
ധ/32.png,25
ധ/33.png,25
ധ/34.png,25
ധ/35.png,25
ധ/36.png,25
ധ/37.png,25
ധ/38.png,25
ധ/39.png,25
ധ/4.png,25
ധ/40.png,25
ധ/41.png,25
ധ/42.png,25
ധ/43.png,25
ധ/44.png,25
ധ/45.png,25
ധ/46.png,25
ധ/47.png,25
ധ/48.png,25
ധ/49.png,25
ധ/5.png,25
ധ/50.png,25
ധ/51.png,25
ധ/52.png,25
ധ/53.png,25
ധ/54.png,25
ധ/55.png,25
ധ/56.png,25
ധ/57.png,25
ധ/58.png,25
ധ/59.png,25
ധ/6.png,25
ധ/60.png,25
ധ/61.png,25
ധ/62.png,25
ധ/63.png,25
ധ/65.png,25
ധ/66.png,25
ധ/67.png,25
ധ/68.png,25
ധ/69.png,25
ധ/7.png,25
ധ/70.png,25
ധ/71.png,25
ധ/72.png,25
ധ/73.png,25
ധ/74.png,25
ധ/75.png,25
ധ/76.png,25
ധ/77.png,25
ധ/78.png,25
ധ/79.png,25
ധ/8.png,25
ധ/80.png,25
ധ/81.png,25
ധ/82.png,25
ധ/83.png,25
ധ/84.png,25
ധ/86.png,25
ധ/87.png,25
ധ/88.png,25
ധ/89.png,25
ധ/9.png,25
ധ/90.png,25
ധ/91.png,25
ധ/92.png,25
ധ/93.png,25
ധ/94.png,25
ധ/95.png,25
ധ/96.png,25
ധ/97.png,25
ധ/98.png,25
ധ/99.png,25
ന/1.png,26
ന/10.png,26
ന/100.png,26
ന/101.png,26
ന/102.png,26
ന/103.png,26
ന/104.png,26
ന/105.png,26
ന/106.png,26
ന/107.png,26
ന/108.png,26
ന/109.png,26
ന/11.png,26
ന/110.png,26
ന/111.png,26
ന/112.png,26
ന/113.png,26
ന/114.png,26
ന/115.png,26
ന/116.png,26
ന/117.png,26
ന/118.png,26
ന/119.png,26
ന/12.png,26
ന/120.png,26
ന/121.png,26
ന/122.png,26
ന/123.png,26
ന/125.png,26
ന/13.png,26
ന/14.png,26
ന/15.png,26
ന/16.png,26
ന/17.png,26
ന/18.png,26
ന/19.png,26
ന/2.png,26
ന/20.png,26
ന/21.png,26
ന/22.png,26
ന/23.png,26
ന/24.png,26
ന/25.png,26
ന/26.png,26
ന/27.png,26
ന/28.png,26
ന/29.png,26
ന/3.png,26
ന/30.png,26
ന/31.png,26
ന/32.png,26
ന/33.png,26
ന/34.png,26
ന/35.png,26
ന/36.png,26
ന/37.png,26
ന/38.png,26
ന/39.png,26
ന/4.png,26
ന/40.png,26
ന/41.png,26
ന/42.png,26
ന/43.png,26
ന/44.png,26
ന/45.png,26
ന/46.png,26
ന/47.png,26
ന/48.png,26
ന/49.png,26
ന/5.png,26
ന/50.png,26
ന/51.png,26
ന/52.png,26
ന/53.png,26
ന/54.png,26
ന/55.png,26
ന/56.png,26
ന/57.png,26
ന/58.png,26
ന/59.png,26
ന/6.png,26
ന/60.png,26
ന/61.png,26
ന/62.png,26
ന/63.png,26
ന/64.png,26
ന/66.png,26
ന/67.png,26
ന/68.png,26
ന/69.png,26
ന/7.png,26
ന/70.png,26
ന/71.png,26
ന/72.png,26
ന/73.png,26
ന/74.png,26
ന/75.png,26
ന/76.png,26
ന/77.png,26
ന/78.png,26
ന/79.png,26
ന/8.png,26
ന/80.png,26
ന/81.png,26
ന/82.png,26
ന/83.png,26
ന/84.png,26
ന/85.png,26
ന/88.png,26
ന/89.png,26
ന/9.png,26
ന/90.png,26
ന/91.png,26
ന/92.png,26
ന/93.png,26
ന/94.png,26
ന/95.png,26
ന/96.png,26
ന/97.png,26
ന/98.png,26
ന/99.png,26
പ/1.png,27
പ/10.png,27
പ/100.png,27
പ/101.png,27
പ/102.png,27
പ/103.png,27
പ/104.png,27
പ/105.png,27
പ/106.png,27
പ/107.png,27
പ/108.png,27
പ/109.png,27
പ/11.png,27
പ/110.png,27
പ/111.png,27
പ/112.png,27
പ/113.png,27
പ/114.png,27
പ/115.png,27
പ/116.png,27
പ/117.png,27
പ/118.png,27
പ/119.png,27
പ/12.png,27
പ/120.png,27
പ/121.png,27
പ/123.png,27
പ/124.png,27
പ/126.png,27
പ/13.png,27
പ/14.png,27
പ/15.png,27
പ/16.png,27
പ/17.png,27
പ/18.png,27
പ/19.png,27
പ/2.png,27
പ/20.png,27
പ/21.png,27
പ/22.png,27
പ/23.png,27
പ/24.png,27
പ/25.png,27
പ/26.png,27
പ/27.png,27
പ/28.png,27
പ/29.png,27
പ/30.png,27
പ/31.png,27
പ/33.png,27
പ/34.png,27
പ/35.png,27
പ/36.png,27
പ/37.png,27
പ/38.png,27
പ/39.png,27
പ/40.png,27
പ/41.png,27
പ/42.png,27
പ/43.png,27
പ/44.png,27
പ/45.png,27
പ/46.png,27
പ/47.png,27
പ/48.png,27
പ/49.png,27
പ/5.png,27
പ/50.png,27
പ/51.png,27
പ/52.png,27
പ/53.png,27
പ/54.png,27
പ/55.png,27
പ/56.png,27
പ/57.png,27
പ/58.png,27
പ/59.png,27
പ/6.png,27
പ/60.png,27
പ/61.png,27
പ/62.png,27
പ/63.png,27
പ/64.png,27
പ/65.png,27
പ/67.png,27
പ/68.png,27
പ/69.png,27
പ/7.png,27
പ/70.png,27
പ/71.png,27
പ/72.png,27
പ/73.png,27
പ/74.png,27
പ/75.png,27
പ/76.png,27
പ/77.png,27
പ/78.png,27
പ/79.png,27
പ/8.png,27
പ/80.png,27
പ/81.png,27
പ/82.png,27
പ/83.png,27
പ/84.png,27
പ/85.png,27
പ/86.png,27
പ/88.png,27
പ/89.png,27
പ/9.png,27
പ/90.png,27
പ/91.png,27
പ/92.png,27
പ/93.png,27
പ/94.png,27
പ/95.png,27
പ/96.png,27
പ/97.png,27
പ/98.png,27
പ/99.png,27
ഫ/1.png,28
ഫ/10.png,28
ഫ/100.png,28
ഫ/101.png,28
ഫ/102.png,28
ഫ/103.png,28
ഫ/104.png,28
ഫ/105.png,28
ഫ/106.png,28
ഫ/107.png,28
ഫ/108.png,28
ഫ/109.png,28
ഫ/11.png,28
ഫ/110.png,28
ഫ/111.png,28
ഫ/112.png,28
ഫ/113.png,28
ഫ/114.png,28
ഫ/115.png,28
ഫ/117.png,28
ഫ/12.png,28
ഫ/13.png,28
ഫ/14.png,28
ഫ/15.png,28
ഫ/16.png,28
ഫ/17.png,28
ഫ/18.png,28
ഫ/19.png,28
ഫ/2.png,28
ഫ/20.png,28
ഫ/21.png,28
ഫ/22.png,28
ഫ/23.png,28
ഫ/25.png,28
ഫ/26.png,28
ഫ/27.png,28
ഫ/28.png,28
ഫ/29.png,28
ഫ/3.png,28
ഫ/30.png,28
ഫ/31.png,28
ഫ/32.png,28
ഫ/33.png,28
ഫ/34.png,28
ഫ/35.png,28
ഫ/36.png,28
ഫ/37.png,28
ഫ/38.png,28
ഫ/39.png,28
ഫ/4.png,28
ഫ/40.png,28
ഫ/41.png,28
ഫ/42.png,28
ഫ/43.png,28
ഫ/44.png,28
ഫ/45.png,28
ഫ/46.png,28
ഫ/47.png,28
ഫ/48.png,28
ഫ/49.png,28
ഫ/5.png,28
ഫ/50.png,28
ഫ/51.png,28
ഫ/52.png,28
ഫ/53.png,28
ഫ/54.png,28
ഫ/55.png,28
ഫ/56.png,28
ഫ/57.png,28
ഫ/58.png,28
ഫ/59.png,28
ഫ/6.png,28
ഫ/60.png,28
ഫ/62.png,28
ഫ/63.png,28
ഫ/64.png,28
ഫ/65.png,28
ഫ/66.png,28
ഫ/67.png,28
ഫ/68.png,28
ഫ/69.png,28
ഫ/7.png,28
ഫ/70.png,28
ഫ/71.png,28
ഫ/73.png,28
ഫ/74.png,28
ഫ/75.png,28
ഫ/76.png,28
ഫ/77.png,28
ഫ/78.png,28
ഫ/79.png,28
ഫ/8.png,28
ഫ/80.png,28
ഫ/81.png,28
ഫ/82.png,28
ഫ/83.png,28
ഫ/84.png,28
ഫ/85.png,28
ഫ/86.png,28
ഫ/87.png,28
ഫ/88.png,28
ഫ/89.png,28
ഫ/9.png,28
ഫ/90.png,28
ഫ/91.png,28
ഫ/92.png,28
ഫ/93.png,28
ഫ/95.png,28
ഫ/96.png,28
ഫ/97.png,28
ഫ/98.png,28
ഫ/99.png,28
ബ/1.png,29
ബ/10.png,29
ബ/100.png,29
ബ/101.png,29
ബ/102.png,29
ബ/104.png,29
ബ/105.png,29
ബ/106.png,29
ബ/107.png,29
ബ/108.png,29
ബ/109.png,29
ബ/11.png,29
ബ/111.png,29
ബ/112.png,29
ബ/114.png,29
ബ/115.png,29
ബ/117.png,29
ബ/118.png,29
ബ/119.png,29
ബ/12.png,29
ബ/120.png,29
ബ/121.png,29
ബ/123.png,29
ബ/13.png,29
ബ/14.png,29
ബ/15.png,29
ബ/16.png,29
ബ/17.png,29
ബ/18.png,29
ബ/19.png,29
ബ/2.png,29
ബ/20.png,29
ബ/22.png,29
ബ/24.png,29
ബ/25.png,29
ബ/26.png,29
ബ/27.png,29
ബ/28.png,29
ബ/29.png,29
ബ/3.png,29
ബ/30.png,29
ബ/31.png,29
ബ/32.png,29
ബ/33.png,29
ബ/34.png,29
ബ/35.png,29
ബ/36.png,29
ബ/37.png,29
ബ/38.png,29
ബ/39.png,29
ബ/4.png,29
ബ/40.png,29
ബ/41.png,29
ബ/42.png,29
ബ/43.png,29
ബ/44.png,29
ബ/45.png,29
ബ/46.png,29
ബ/47.png,29
ബ/48.png,29
ബ/49.png,29
ബ/5.png,29
ബ/50.png,29
ബ/51.png,29
ബ/52.png,29
ബ/53.png,29
ബ/54.png,29
ബ/55.png,29
ബ/56.png,29
ബ/57.png,29
ബ/58.png,29
ബ/59.png,29
ബ/6.png,29
ബ/60.png,29
ബ/61.png,29
ബ/62.png,29
ബ/63.png,29
ബ/64.png,29
ബ/65.png,29
ബ/66.png,29
ബ/67.png,29
ബ/68.png,29
ബ/69.png,29
ബ/7.png,29
ബ/70.png,29
ബ/71.png,29
ബ/72.png,29
ബ/73.png,29
ബ/74.png,29
ബ/75.png,29
ബ/76.png,29
ബ/77.png,29
ബ/78.png,29
ബ/79.png,29
ബ/8.png,29
ബ/80.png,29
ബ/81.png,29
ബ/82.png,29
ബ/83.png,29
ബ/84.png,29
ബ/85.png,29
ബ/86.png,29
ബ/87.png,29
ബ/88.png,29
ബ/89.png,29
ബ/9.png,29
ബ/90.png,29
ബ/91.png,29
ബ/92.png,29
ബ/93.png,29
ബ/94.png,29
ബ/95.png,29
ബ/96.png,29
ബ/97.png,29
ബ/98.png,29
ബ/99.png,29
ഭ/1.png,30
ഭ/10.png,30
ഭ/100.png,30
ഭ/101.png,30
ഭ/102.png,30
ഭ/103.png,30
ഭ/104.png,30
ഭ/105.png,30
ഭ/106.png,30
ഭ/107.png,30
ഭ/108.png,30
ഭ/109.png,30
ഭ/11.png,30
ഭ/110.png,30
ഭ/111.png,30
ഭ/112.png,30
ഭ/113.png,30
ഭ/114.png,30
ഭ/115.png,30
ഭ/117.png,30
ഭ/12.png,30
ഭ/13.png,30
ഭ/14.png,30
ഭ/15.png,30
ഭ/16.png,30
ഭ/17.png,30
ഭ/18.png,30
ഭ/19.png,30
ഭ/2.png,30
ഭ/20.png,30
ഭ/21.png,30
ഭ/22.png,30
ഭ/24.png,30
ഭ/26.png,30
ഭ/27.png,30
ഭ/28.png,30
ഭ/29.png,30
ഭ/3.png,30
ഭ/30.png,30
ഭ/31.png,30
ഭ/32.png,30
ഭ/33.png,30
ഭ/34.png,30
ഭ/35.png,30
ഭ/36.png,30
ഭ/37.png,30
ഭ/38.png,30
ഭ/39.png,30
ഭ/4.png,30
ഭ/40.png,30
ഭ/41.png,30
ഭ/42.png,30
ഭ/43.png,30
ഭ/44.png,30
ഭ/45.png,30
ഭ/46.png,30
ഭ/47.png,30
ഭ/48.png,30
ഭ/49.png,30
ഭ/5.png,30
ഭ/50.png,30
ഭ/51.png,30
ഭ/52.png,30
ഭ/53.png,30
ഭ/54.png,30
ഭ/55.png,30
ഭ/56.png,30
ഭ/57.png,30
ഭ/58.png,30
ഭ/59.png,30
ഭ/6.png,30
ഭ/60.png,30
ഭ/61.png,30
ഭ/62.png,30
ഭ/63.png,30
ഭ/64.png,30
ഭ/65.png,30
ഭ/66.png,30
ഭ/67.png,30
ഭ/68.png,30
ഭ/69.png,30
ഭ/7.png,30
ഭ/70.png,30
ഭ/71.png,30
ഭ/72.png,30
ഭ/73.png,30
ഭ/74.png,30
ഭ/76.png,30
ഭ/77.png,30
ഭ/78.png,30
ഭ/79.png,30
ഭ/8.png,30
ഭ/80.png,30
ഭ/81.png,30
ഭ/82.png,30
ഭ/83.png,30
ഭ/84.png,30
ഭ/85.png,30
ഭ/86.png,30
ഭ/87.png,30
ഭ/88.png,30
ഭ/89.png,30
ഭ/9.png,30
ഭ/90.png,30
ഭ/91.png,30
ഭ/92.png,30
ഭ/93.png,30
ഭ/94.png,30
ഭ/95.png,30
ഭ/96.png,30
ഭ/97.png,30
ഭ/98.png,30
ഭ/99.png,30
മ/1.png,31
മ/10.png,31
മ/100.png,31
മ/101.png,31
മ/102.png,31
മ/103.png,31
മ/104.png,31
മ/105.png,31
മ/106.png,31
മ/107.png,31
മ/108.png,31
മ/109.png,31
മ/11.png,31
മ/110.png,31
മ/111.png,31
മ/112.png,31
മ/113.png,31
മ/114.png,31
മ/115.png,31
മ/116.png,31
മ/118.png,31
മ/12.png,31
മ/13.png,31
മ/14.png,31
മ/15.png,31
മ/16.png,31
മ/17.png,31
മ/18.png,31
മ/19.png,31
മ/2.png,31
മ/20.png,31
മ/21.png,31
മ/23.png,31
മ/25.png,31
മ/26.png,31
മ/27.png,31
മ/28.png,31
മ/29.png,31
മ/3.png,31
മ/30.png,31
മ/31.png,31
മ/32.png,31
മ/33.png,31
മ/34.png,31
മ/36.png,31
മ/37.png,31
മ/38.png,31
മ/39.png,31
മ/4.png,31
മ/40.png,31
മ/41.png,31
മ/42.png,31
മ/43.png,31
മ/44.png,31
മ/45.png,31
മ/46.png,31
മ/47.png,31
മ/48.png,31
മ/49.png,31
മ/5.png,31
മ/50.png,31
മ/51.png,31
മ/52.png,31
മ/53.png,31
മ/54.png,31
മ/55.png,31
മ/56.png,31
മ/57.png,31
മ/58.png,31
മ/59.png,31
മ/6.png,31
മ/60.png,31
മ/61.png,31
മ/62.png,31
മ/63.png,31
മ/64.png,31
മ/65.png,31
മ/66.png,31
മ/67.png,31
മ/68.png,31
മ/69.png,31
മ/7.png,31
മ/70.png,31
മ/71.png,31
മ/72.png,31
മ/73.png,31
മ/74.png,31
മ/75.png,31
മ/76.png,31
മ/77.png,31
മ/78.png,31
മ/79.png,31
മ/8.png,31
മ/80.png,31
മ/81.png,31
മ/82.png,31
മ/83.png,31
മ/84.png,31
മ/85.png,31
മ/86.png,31
മ/87.png,31
മ/88.png,31
മ/89.png,31
മ/9.png,31
മ/90.png,31
മ/91.png,31
മ/92.png,31
മ/93.png,31
മ/94.png,31
മ/95.png,31
മ/96.png,31
മ/97.png,31
മ/98.png,31
മ/99.png,31
യ/1.png,32
യ/10.png,32
യ/100.png,32
യ/101.png,32
യ/102.png,32
യ/103.png,32
യ/104.png,32
യ/105.png,32
യ/106.png,32
യ/107.png,32
യ/108.png,32
യ/109.png,32
യ/11.png,32
യ/110.png,32
യ/111.png,32
യ/112.png,32
യ/113.png,32
യ/114.png,32
യ/115.png,32
യ/116.png,32
യ/117.png,32
യ/118.png,32
യ/119.png,32
യ/12.png,32
യ/121.png,32
യ/13.png,32
യ/14.png,32
യ/15.png,32
യ/16.png,32
യ/17.png,32
യ/18.png,32
യ/19.png,32
യ/2.png,32
യ/20.png,32
യ/21.png,32
യ/23.png,32
യ/25.png,32
യ/26.png,32
യ/27.png,32
യ/28.png,32
യ/29.png,32
യ/3.png,32
യ/30.png,32
യ/31.png,32
യ/32.png,32
യ/33.png,32
യ/35.png,32
യ/36.png,32
യ/37.png,32
യ/38.png,32
യ/39.png,32
യ/4.png,32
യ/40.png,32
യ/41.png,32
യ/42.png,32
യ/43.png,32
യ/44.png,32
യ/45.png,32
യ/46.png,32
യ/47.png,32
യ/48.png,32
യ/49.png,32
യ/5.png,32
യ/50.png,32
യ/51.png,32
യ/52.png,32
യ/53.png,32
യ/54.png,32
യ/55.png,32
യ/56.png,32
യ/57.png,32
യ/58.png,32
യ/59.png,32
യ/6.png,32
യ/60.png,32
യ/61.png,32
യ/62.png,32
യ/63.png,32
യ/64.png,32
യ/65.png,32
യ/66.png,32
യ/67.png,32
യ/68.png,32
യ/69.png,32
യ/7.png,32
യ/70.png,32
യ/71.png,32
യ/72.png,32
യ/73.png,32
യ/74.png,32
യ/75.png,32
യ/76.png,32
യ/77.png,32
യ/78.png,32
യ/79.png,32
യ/8.png,32
യ/80.png,32
യ/81.png,32
യ/82.png,32
യ/83.png,32
യ/84.png,32
യ/86.png,32
യ/87.png,32
യ/88.png,32
യ/89.png,32
യ/9.png,32
യ/90.png,32
യ/91.png,32
യ/92.png,32
യ/93.png,32
യ/94.png,32
യ/95.png,32
യ/96.png,32
യ/97.png,32
യ/98.png,32
യ/99.png,32
ര/1.png,33
ര/10.png,33
ര/100.png,33
ര/102.png,33
ര/103.png,33
ര/104.png,33
ര/105.png,33
ര/106.png,33
ര/107.png,33
ര/108.png,33
ര/109.png,33
ര/11.png,33
ര/110.png,33
ര/111.png,33
ര/112.png,33
ര/113.png,33
ര/114.png,33
ര/115.png,33
ര/116.png,33
ര/117.png,33
ര/118.png,33
ര/119.png,33
ര/12.png,33
ര/120.png,33
ര/122.png,33
ര/13.png,33
ര/14.png,33
ര/15.png,33
ര/16.png,33
ര/17.png,33
ര/18.png,33
ര/19.png,33
ര/2.png,33
ര/20.png,33
ര/22.png,33
ര/24.png,33
ര/25.png,33
ര/26.png,33
ര/27.png,33
ര/28.png,33
ര/29.png,33
ര/3.png,33
ര/30.png,33
ര/31.png,33
ര/32.png,33
ര/33.png,33
ര/34.png,33
ര/35.png,33
ര/36.png,33
ര/37.png,33
ര/38.png,33
ര/39.png,33
ര/4.png,33
ര/40.png,33
ര/41.png,33
ര/42.png,33
ര/43.png,33
ര/44.png,33
ര/45.png,33
ര/46.png,33
ര/47.png,33
ര/48.png,33
ര/49.png,33
ര/5.png,33
ര/50.png,33
ര/51.png,33
ര/52.png,33
ര/53.png,33
ര/54.png,33
ര/55.png,33
ര/56.png,33
ര/57.png,33
ര/58.png,33
ര/59.png,33
ര/6.png,33
ര/60.png,33
ര/61.png,33
ര/62.png,33
ര/63.png,33
ര/64.png,33
ര/65.png,33
ര/66.png,33
ര/67.png,33
ര/68.png,33
ര/69.png,33
ര/7.png,33
ര/70.png,33
ര/71.png,33
ര/72.png,33
ര/73.png,33
ര/74.png,33
ര/75.png,33
ര/76.png,33
ര/77.png,33
ര/78.png,33
ര/79.png,33
ര/8.png,33
ര/80.png,33
ര/81.png,33
ര/82.png,33
ര/83.png,33
ര/84.png,33
ര/85.png,33
ര/86.png,33
ര/87.png,33
ര/88.png,33
ര/89.png,33
ര/9.png,33
ര/90.png,33
ര/91.png,33
ര/92.png,33
ര/93.png,33
ര/94.png,33
ര/95.png,33
ര/96.png,33
ര/97.png,33
ര/98.png,33
ര/99.png,33
റ/1.png,34
റ/10.png,34
റ/100.png,34
റ/101.png,34
റ/102.png,34
റ/103.png,34
റ/104.png,34
റ/105.png,34
റ/106.png,34
റ/107.png,34
റ/108.png,34
റ/109.png,34
റ/11.png,34
റ/110.png,34
റ/111.png,34
റ/112.png,34
റ/113.png,34
റ/114.png,34
റ/115.png,34
റ/116.png,34
റ/118.png,34
റ/12.png,34
റ/13.png,34
റ/14.png,34
റ/15.png,34
റ/16.png,34
റ/17.png,34
റ/18.png,34
റ/19.png,34
റ/2.png,34
റ/20.png,34
റ/21.png,34
റ/22.png,34
റ/23.png,34
റ/25.png,34
റ/26.png,34
റ/27.png,34
റ/28.png,34
റ/29.png,34
റ/3.png,34
റ/30.png,34
റ/31.png,34
റ/32.png,34
റ/33.png,34
റ/34.png,34
റ/35.png,34
റ/36.png,34
റ/37.png,34
റ/38.png,34
റ/39.png,34
റ/4.png,34
റ/40.png,34
റ/41.png,34
റ/42.png,34
റ/43.png,34
റ/44.png,34
റ/45.png,34
റ/46.png,34
റ/47.png,34
റ/48.png,34
റ/49.png,34
റ/5.png,34
റ/50.png,34
റ/51.png,34
റ/52.png,34
റ/53.png,34
റ/54.png,34
റ/55.png,34
റ/56.png,34
റ/57.png,34
റ/58.png,34
റ/59.png,34
റ/6.png,34
റ/60.png,34
റ/61.png,34
റ/62.png,34
റ/63.png,34
റ/64.png,34
റ/65.png,34
റ/66.png,34
റ/67.png,34
റ/68.png,34
റ/69.png,34
റ/7.png,34
റ/70.png,34
റ/71.png,34
റ/72.png,34
റ/73.png,34
റ/74.png,34
റ/75.png,34
റ/76.png,34
റ/77.png,34
റ/78.png,34
റ/79.png,34
റ/8.png,34
റ/80.png,34
റ/81.png,34
റ/82.png,34
റ/83.png,34
റ/84.png,34
റ/85.png,34
റ/86.png,34
റ/87.png,34
റ/88.png,34
റ/89.png,34
റ/9.png,34
റ/90.png,34
റ/91.png,34
റ/92.png,34
റ/93.png,34
റ/94.png,34
റ/95.png,34
റ/96.png,34
റ/97.png,34
റ/98.png,34
റ/99.png,34
ല/1.png,35
ല/10.png,35
ല/100.png,35
ല/101.png,35
ല/102.png,35
ല/103.png,35
ല/104.png,35
ല/105.png,35
ല/106.png,35
ല/107.png,35
ല/108.png,35
ല/109.png,35
ല/11.png,35
ല/110.png,35
ല/111.png,35
ല/112.png,35
ല/113.png,35
ല/115.png,35
ല/12.png,35
ല/13.png,35
ല/14.png,35
ല/15.png,35
ല/16.png,35
ല/17.png,35
ല/19.png,35
ല/20.png,35
ല/22.png,35
ല/23.png,35
ല/25.png,35
ല/26.png,35
ല/27.png,35
ല/28.png,35
ല/29.png,35
ല/3.png,35
ല/30.png,35
ല/31.png,35
ല/32.png,35
ല/33.png,35
ല/34.png,35
ല/35.png,35
ല/36.png,35
ല/37.png,35
ല/38.png,35
ല/39.png,35
ല/4.png,35
ല/40.png,35
ല/41.png,35
ല/42.png,35
ല/43.png,35
ല/44.png,35
ല/45.png,35
ല/46.png,35
ല/47.png,35
ല/48.png,35
ല/49.png,35
ല/5.png,35
ല/50.png,35
ല/51.png,35
ല/52.png,35
ല/53.png,35
ല/54.png,35
ല/55.png,35
ല/56.png,35
ല/57.png,35
ല/58.png,35
ല/59.png,35
ല/6.png,35
ല/60.png,35
ല/61.png,35
ല/62.png,35
ല/63.png,35
ല/64.png,35
ല/65.png,35
ല/67.png,35
ല/68.png,35
ല/69.png,35
ല/7.png,35
ല/70.png,35
ല/71.png,35
ല/72.png,35
ല/73.png,35
ല/74.png,35
ല/75.png,35
ല/76.png,35
ല/77.png,35
ല/78.png,35
ല/79.png,35
ല/8.png,35
ല/80.png,35
ല/81.png,35
ല/82.png,35
ല/83.png,35
ല/84.png,35
ല/85.png,35
ല/86.png,35
ല/87.png,35
ല/88.png,35
ല/89.png,35
ല/9.png,35
ല/90.png,35
ല/91.png,35
ല/92.png,35
ല/93.png,35
ല/94.png,35
ല/95.png,35
ല/96.png,35
ല/97.png,35
ല/98.png,35
ല/99.png,35
ള/1.png,36
ള/10.png,36
ള/100.png,36
ള/101.png,36
ള/102.png,36
ള/103.png,36
ള/104.png,36
ള/105.png,36
ള/106.png,36
ള/107.png,36
ള/108.png,36
ള/109.png,36
ള/11.png,36
ള/110.png,36
ള/111.png,36
ള/113.png,36
ള/12.png,36
ള/13.png,36
ള/14.png,36
ള/15.png,36
ള/16.png,36
ള/17.png,36
ള/18.png,36
ള/19.png,36
ള/2.png,36
ള/20.png,36
ള/21.png,36
ള/22.png,36
ള/23.png,36
ള/25.png,36
ള/26.png,36
ള/27.png,36
ള/28.png,36
ള/29.png,36
ള/3.png,36
ള/30.png,36
ള/31.png,36
ള/32.png,36
ള/33.png,36
ള/34.png,36
ള/35.png,36
ള/36.png,36
ള/37.png,36
ള/38.png,36
ള/39.png,36
ള/4.png,36
ള/40.png,36
ള/41.png,36
ള/42.png,36
ള/43.png,36
ള/44.png,36
ള/45.png,36
ള/46.png,36
ള/47.png,36
ള/48.png,36
ള/49.png,36
ള/5.png,36
ള/50.png,36
ള/51.png,36
ള/52.png,36
ള/53.png,36
ള/54.png,36
ള/55.png,36
ള/56.png,36
ള/57.png,36
ള/58.png,36
ള/59.png,36
ള/6.png,36
ള/60.png,36
ള/62.png,36
ള/63.png,36
ള/64.png,36
ള/65.png,36
ള/66.png,36
ള/67.png,36
ള/68.png,36
ള/69.png,36
ള/7.png,36
ള/70.png,36
ള/71.png,36
ള/72.png,36
ള/73.png,36
ള/74.png,36
ള/75.png,36
ള/76.png,36
ള/77.png,36
ള/78.png,36
ള/79.png,36
ള/8.png,36
ള/80.png,36
ള/81.png,36
ള/82.png,36
ള/83.png,36
ള/84.png,36
ള/85.png,36
ള/86.png,36
ള/87.png,36
ള/88.png,36
ള/89.png,36
ള/9.png,36
ള/90.png,36
ള/91.png,36
ള/92.png,36
ള/93.png,36
ള/94.png,36
ള/95.png,36
ള/96.png,36
ള/97.png,36
ള/98.png,36
ള/99.png,36
ഴ/1.png,37
ഴ/10.png,37
ഴ/100.png,37
ഴ/101.png,37
ഴ/102.png,37
ഴ/103.png,37
ഴ/104.png,37
ഴ/105.png,37
ഴ/106.png,37
ഴ/107.png,37
ഴ/108.png,37
ഴ/109.png,37
ഴ/11.png,37
ഴ/110.png,37
ഴ/111.png,37
ഴ/112.png,37
ഴ/113.png,37
ഴ/114.png,37
ഴ/116.png,37
ഴ/12.png,37
ഴ/13.png,37
ഴ/14.png,37
ഴ/15.png,37
ഴ/16.png,37
ഴ/17.png,37
ഴ/18.png,37
ഴ/19.png,37
ഴ/2.png,37
ഴ/20.png,37
ഴ/21.png,37
ഴ/22.png,37
ഴ/23.png,37
ഴ/24.png,37
ഴ/26.png,37
ഴ/27.png,37
ഴ/28.png,37
ഴ/29.png,37
ഴ/3.png,37
ഴ/30.png,37
ഴ/31.png,37
ഴ/32.png,37
ഴ/33.png,37
ഴ/34.png,37
ഴ/35.png,37
ഴ/36.png,37
ഴ/37.png,37
ഴ/38.png,37
ഴ/39.png,37
ഴ/4.png,37
ഴ/40.png,37
ഴ/41.png,37
ഴ/42.png,37
ഴ/43.png,37
ഴ/44.png,37
ഴ/45.png,37
ഴ/46.png,37
ഴ/47.png,37
ഴ/48.png,37
ഴ/49.png,37
ഴ/5.png,37
ഴ/50.png,37
ഴ/51.png,37
ഴ/52.png,37
ഴ/53.png,37
ഴ/54.png,37
ഴ/55.png,37
ഴ/56.png,37
ഴ/57.png,37
ഴ/58.png,37
ഴ/59.png,37
ഴ/6.png,37
ഴ/60.png,37
ഴ/61.png,37
ഴ/62.png,37
ഴ/63.png,37
ഴ/64.png,37
ഴ/65.png,37
ഴ/67.png,37
ഴ/68.png,37
ഴ/69.png,37
ഴ/7.png,37
ഴ/70.png,37
ഴ/71.png,37
ഴ/72.png,37
ഴ/73.png,37
ഴ/74.png,37
ഴ/75.png,37
ഴ/76.png,37
ഴ/77.png,37
ഴ/78.png,37
ഴ/79.png,37
ഴ/8.png,37
ഴ/80.png,37
ഴ/81.png,37
ഴ/82.png,37
ഴ/83.png,37
ഴ/84.png,37
ഴ/85.png,37
ഴ/86.png,37
ഴ/87.png,37
ഴ/88.png,37
ഴ/89.png,37
ഴ/9.png,37
ഴ/90.png,37
ഴ/91.png,37
ഴ/92.png,37
ഴ/93.png,37
ഴ/94.png,37
ഴ/96.png,37
ഴ/97.png,37
ഴ/98.png,37
ഴ/99.png,37
വ/1.png,38
വ/100.png,38
വ/101.png,38
വ/102.png,38
വ/103.png,38
വ/104.png,38
വ/105.png,38
വ/106.png,38
വ/107.png,38
വ/108.png,38
വ/109.png,38
വ/11.png,38
വ/110.png,38
വ/111.png,38
വ/112.png,38
വ/113.png,38
വ/114.png,38
വ/116.png,38
വ/12.png,38
വ/13.png,38
വ/14.png,38
വ/15.png,38
വ/16.png,38
വ/17.png,38
വ/18.png,38
വ/19.png,38
വ/2.png,38
വ/20.png,38
വ/21.png,38
വ/22.png,38
വ/24.png,38
വ/25.png,38
വ/26.png,38
വ/27.png,38
വ/28.png,38
വ/29.png,38
വ/3.png,38
വ/30.png,38
വ/31.png,38
വ/32.png,38
വ/33.png,38
വ/34.png,38
വ/35.png,38
വ/36.png,38
വ/37.png,38
വ/38.png,38
വ/39.png,38
വ/4.png,38
വ/40.png,38
വ/41.png,38
വ/42.png,38
വ/43.png,38
വ/44.png,38
വ/45.png,38
വ/46.png,38
വ/47.png,38
വ/48.png,38
വ/49.png,38
വ/5.png,38
വ/50.png,38
വ/51.png,38
വ/52.png,38
വ/53.png,38
വ/54.png,38
വ/55.png,38
വ/56.png,38
വ/57.png,38
വ/58.png,38
വ/59.png,38
വ/6.png,38
വ/60.png,38
വ/61.png,38
വ/62.png,38
വ/63.png,38
വ/64.png,38
വ/65.png,38
വ/66.png,38
വ/67.png,38
വ/68.png,38
വ/69.png,38
വ/7.png,38
വ/70.png,38
വ/71.png,38
വ/72.png,38
വ/73.png,38
വ/74.png,38
വ/75.png,38
വ/76.png,38
വ/77.png,38
വ/78.png,38
വ/79.png,38
വ/8.png,38
വ/80.png,38
വ/81.png,38
വ/82.png,38
വ/83.png,38
വ/84.png,38
വ/85.png,38
വ/86.png,38
വ/87.png,38
വ/89.png,38
വ/9.png,38
വ/90.png,38
വ/91.png,38
വ/92.png,38
വ/93.png,38
വ/94.png,38
വ/95.png,38
വ/96.png,38
വ/97.png,38
വ/98.png,38
വ/99.png,38
ശ/1.png,39
ശ/10.png,39
ശ/100.png,39
ശ/101.png,39
ശ/102.png,39
ശ/103.png,39
ശ/104.png,39
ശ/105.png,39
ശ/106.png,39
ശ/107.png,39
ശ/108.png,39
ശ/109.png,39
ശ/11.png,39
ശ/110.png,39
ശ/111.png,39
ശ/112.png,39
ശ/113.png,39
ശ/114.png,39
ശ/116.png,39
ശ/12.png,39
ശ/13.png,39
ശ/14.png,39
ശ/15.png,39
ശ/16.png,39
ശ/17.png,39
ശ/18.png,39
ശ/19.png,39
ശ/2.png,39
ശ/20.png,39
ശ/21.png,39
ശ/22.png,39
ശ/23.png,39
ശ/24.png,39
ശ/25.png,39
ശ/26.png,39
ശ/27.png,39
ശ/28.png,39
ശ/29.png,39
ശ/3.png,39
ശ/30.png,39
ശ/31.png,39
ശ/32.png,39
ശ/33.png,39
ശ/34.png,39
ശ/35.png,39
ശ/36.png,39
ശ/37.png,39
ശ/38.png,39
ശ/39.png,39
ശ/4.png,39
ശ/40.png,39
ശ/41.png,39
ശ/42.png,39
ശ/43.png,39
ശ/44.png,39
ശ/45.png,39
ശ/46.png,39
ശ/47.png,39
ശ/48.png,39
ശ/49.png,39
ശ/5.png,39
ശ/50.png,39
ശ/51.png,39
ശ/52.png,39
ശ/53.png,39
ശ/54.png,39
ശ/55.png,39
ശ/56.png,39
ശ/57.png,39
ശ/58.png,39
ശ/59.png,39
ശ/6.png,39
ശ/60.png,39
ശ/61.png,39
ശ/62.png,39
ശ/63.png,39
ശ/64.png,39
ശ/65.png,39
ശ/66.png,39
ശ/67.png,39
ശ/68.png,39
ശ/69.png,39
ശ/7.png,39
ശ/70.png,39
ശ/71.png,39
ശ/72.png,39
ശ/73.png,39
ശ/74.png,39
ശ/75.png,39
ശ/76.png,39
ശ/77.png,39
ശ/78.png,39
ശ/79.png,39
ശ/8.png,39
ശ/80.png,39
ശ/81.png,39
ശ/82.png,39
ശ/83.png,39
ശ/84.png,39
ശ/85.png,39
ശ/86.png,39
ശ/87.png,39
ശ/88.png,39
ശ/89.png,39
ശ/9.png,39
ശ/90.png,39
ശ/91.png,39
ശ/92.png,39
ശ/93.png,39
ശ/94.png,39
ശ/95.png,39
ശ/96.png,39
ശ/98.png,39
ശ/99.png,39
ഷ/1.png,40
ഷ/10.png,40
ഷ/101.png,40
ഷ/102.png,40
ഷ/103.png,40
ഷ/104.png,40
ഷ/105.png,40
ഷ/106.png,40
ഷ/107.png,40
ഷ/108.png,40
ഷ/109.png,40
ഷ/11.png,40
ഷ/110.png,40
ഷ/112.png,40
ഷ/12.png,40
ഷ/13.png,40
ഷ/14.png,40
ഷ/15.png,40
ഷ/16.png,40
ഷ/17.png,40
ഷ/18.png,40
ഷ/19.png,40
ഷ/2.png,40
ഷ/20.png,40
ഷ/21.png,40
ഷ/22.png,40
ഷ/23.png,40
ഷ/25.png,40
ഷ/27.png,40
ഷ/28.png,40
ഷ/29.png,40
ഷ/3.png,40
ഷ/30.png,40
ഷ/31.png,40
ഷ/32.png,40
ഷ/33.png,40
ഷ/34.png,40
ഷ/35.png,40
ഷ/36.png,40
ഷ/37.png,40
ഷ/38.png,40
ഷ/39.png,40
ഷ/4.png,40
ഷ/40.png,40
ഷ/41.png,40
ഷ/42.png,40
ഷ/43.png,40
ഷ/44.png,40
ഷ/45.png,40
ഷ/46.png,40
ഷ/47.png,40
ഷ/48.png,40
ഷ/49.png,40
ഷ/5.png,40
ഷ/50.png,40
ഷ/51.png,40
ഷ/52.png,40
ഷ/53.png,40
ഷ/54.png,40
ഷ/55.png,40
ഷ/56.png,40
ഷ/57.png,40
ഷ/58.png,40
ഷ/59.png,40
ഷ/6.png,40
ഷ/60.png,40
ഷ/61.png,40
ഷ/62.png,40
ഷ/63.png,40
ഷ/64.png,40
ഷ/65.png,40
ഷ/66.png,40
ഷ/67.png,40
ഷ/68.png,40
ഷ/69.png,40
ഷ/7.png,40
ഷ/70.png,40
ഷ/71.png,40
ഷ/72.png,40
ഷ/73.png,40
ഷ/74.png,40
ഷ/75.png,40
ഷ/76.png,40
ഷ/77.png,40
ഷ/78.png,40
ഷ/79.png,40
ഷ/8.png,40
ഷ/80.png,40
ഷ/81.png,40
ഷ/82.png,40
ഷ/83.png,40
ഷ/84.png,40
ഷ/85.png,40
ഷ/86.png,40
ഷ/87.png,40
ഷ/88.png,40
ഷ/89.png,40
ഷ/9.png,40
ഷ/90.png,40
ഷ/91.png,40
ഷ/92.png,40
ഷ/93.png,40
ഷ/94.png,40
ഷ/95.png,40
ഷ/96.png,40
ഷ/97.png,40
ഷ/98.png,40
ഷ/99.png,40
സ/1.png,41
സ/10.png,41
സ/100.png,41
സ/101.png,41
സ/102.png,41
സ/104.png,41
സ/105.png,41
സ/106.png,41
സ/107.png,41
സ/109.png,41
സ/11.png,41
സ/12.png,41
സ/13.png,41
സ/14.png,41
സ/15.png,41
സ/16.png,41
സ/17.png,41
സ/18.png,41
സ/19.png,41
സ/2.png,41
സ/20.png,41
സ/22.png,41
സ/23.png,41
സ/24.png,41
സ/25.png,41
സ/26.png,41
സ/27.png,41
സ/28.png,41
സ/29.png,41
സ/3.png,41
സ/30.png,41
സ/31.png,41
സ/32.png,41
സ/33.png,41
സ/34.png,41
സ/35.png,41
സ/36.png,41
സ/38.png,41
സ/39.png,41
സ/4.png,41
സ/40.png,41
സ/41.png,41
സ/42.png,41
സ/43.png,41
സ/45.png,41
സ/46.png,41
സ/47.png,41
സ/48.png,41
സ/49.png,41
സ/5.png,41
സ/50.png,41
സ/51.png,41
സ/52.png,41
സ/53.png,41
സ/54.png,41
സ/55.png,41
സ/56.png,41
സ/57.png,41
സ/58.png,41
സ/59.png,41
സ/6.png,41
സ/60.png,41
സ/61.png,41
സ/62.png,41
സ/63.png,41
സ/65.png,41
സ/66.png,41
സ/67.png,41
സ/68.png,41
സ/69.png,41
സ/7.png,41
സ/70.png,41
സ/71.png,41
സ/72.png,41
സ/73.png,41
സ/74.png,41
സ/75.png,41
സ/76.png,41
സ/78.png,41
സ/79.png,41
സ/8.png,41
സ/81.png,41
സ/82.png,41
സ/83.png,41
സ/84.png,41
സ/85.png,41
സ/86.png,41
സ/87.png,41
സ/88.png,41
സ/89.png,41
സ/9.png,41
സ/90.png,41
സ/91.png,41
സ/92.png,41
സ/93.png,41
സ/94.png,41
സ/95.png,41
സ/96.png,41
സ/97.png,41
സ/98.png,41
സ/99.png,41
ഹ/1.png,42
ഹ/10.png,42
ഹ/100.png,42
ഹ/101.png,42
ഹ/102.png,42
ഹ/103.png,42
ഹ/104.png,42
ഹ/106.png,42
ഹ/107.png,42
ഹ/108.png,42
ഹ/109.png,42
ഹ/11.png,42
ഹ/111.png,42
ഹ/12.png,42
ഹ/13.png,42
ഹ/14.png,42
ഹ/15.png,42
ഹ/16.png,42
ഹ/17.png,42
ഹ/18.png,42
ഹ/19.png,42
ഹ/2.png,42
ഹ/20.png,42
ഹ/22.png,42
ഹ/23.png,42
ഹ/24.png,42
ഹ/25.png,42
ഹ/26.png,42
ഹ/27.png,42
ഹ/28.png,42
ഹ/29.png,42
ഹ/3.png,42
ഹ/30.png,42
ഹ/31.png,42
ഹ/32.png,42
ഹ/33.png,42
ഹ/34.png,42
ഹ/35.png,42
ഹ/36.png,42
ഹ/38.png,42
ഹ/39.png,42
ഹ/4.png,42
ഹ/40.png,42
ഹ/41.png,42
ഹ/42.png,42
ഹ/43.png,42
ഹ/44.png,42
ഹ/45.png,42
ഹ/46.png,42
ഹ/47.png,42
ഹ/48.png,42
ഹ/49.png,42
ഹ/5.png,42
ഹ/50.png,42
ഹ/51.png,42
ഹ/52.png,42
ഹ/53.png,42
ഹ/54.png,42
ഹ/55.png,42
ഹ/56.png,42
ഹ/58.png,42
ഹ/59.png,42
ഹ/6.png,42
ഹ/60.png,42
ഹ/61.png,42
ഹ/62.png,42
ഹ/63.png,42
ഹ/64.png,42
ഹ/65.png,42
ഹ/66.png,42
ഹ/67.png,42
ഹ/68.png,42
ഹ/69.png,42
ഹ/7.png,42
ഹ/70.png,42
ഹ/71.png,42
ഹ/72.png,42
ഹ/73.png,42
ഹ/74.png,42
ഹ/75.png,42
ഹ/76.png,42
ഹ/77.png,42
ഹ/78.png,42
ഹ/79.png,42
ഹ/8.png,42
ഹ/80.png,42
ഹ/81.png,42
ഹ/82.png,42
ഹ/83.png,42
ഹ/84.png,42
ഹ/85.png,42
ഹ/86.png,42
ഹ/87.png,42
ഹ/88.png,42
ഹ/89.png,42
ഹ/9.png,42
ഹ/90.png,42
ഹ/91.png,42
ഹ/92.png,42
ഹ/93.png,42
ഹ/94.png,42
ഹ/95.png,42
ഹ/96.png,42
ഹ/97.png,42
ഹ/98.png,42
ഹ/99.png,42
